,d18Oc,sigmaT,time,depth,lon,lat,species,species_idx,y_hat,residuals
0,-1.0579904291771864,21.80642648422297,LGM,-5.0,-167.5,-7.5,ruber,0,21.527036951681804,-0.27938953254116683
1,-1.0845857832573869,21.80642648422297,LGM,-5.0,-167.5,-7.5,sacculifer,1,21.882065128791098,0.07563864456812652
2,0.4972901646484887,23.44176742704002,LGM,-5.0,-158.5,21.5,ruber,0,24.51674876338036,1.0749813363403398
3,2.636429054222072,25.526082016238217,LGM,-5.0,-149.5,54.5,bulloides,2,26.92845242520009,1.4023704089618718
4,3.3447894800308706,25.526082016238217,LGM,-5.0,-149.5,54.5,pachy_s,4,27.123809890960416,1.5977278747221995
5,2.634356392495459,25.56134247056086,LGM,-5.0,-148.5,54.5,bulloides,2,26.91462806174875,1.3532855911878912
6,3.292690500533781,25.56134247056086,LGM,-5.0,-148.5,54.5,pachy_s,4,27.092894169392927,1.531551698832068
7,4.163608604969259,27.162860642800815,LGM,-5.0,-119.5,-54.5,pachy_s,4,27.337762813106448,0.17490217030563215
8,4.2411714806681005,27.223663314808817,LGM,-5.0,-114.5,-55.5,pachy_s,4,27.345696034671995,0.12203271986317787
9,-0.560404941065016,22.422183017216447,LGM,-5.0,-106.5,-5.5,ruber,0,22.480675785267472,0.05849276805102477
10,-0.7079575614139998,22.422183017216447,LGM,-5.0,-106.5,-5.5,sacculifer,1,22.53615118675018,0.1139681695337309
11,-0.11825549975037536,23.289013767065967,LGM,-5.0,-106.5,-0.5,sacculifer,1,23.577802864971133,0.28878909790516616
12,-0.44524132809992,22.86438384107821,LGM,-5.0,-97.5,-9.5,sacculifer,1,22.99800426517523,0.13362042409701758
13,0.1366392530820001,23.40224522529645,LGM,-5.0,-93.5,0.5,ruber,0,23.82081524467052,0.41857001937406935
14,0.14269684416066775,23.408436515215147,LGM,-5.0,-92.5,0.5,ruber,0,23.8470807825092,0.4386442672940518
15,-0.19879107920928427,22.795405879699334,LGM,-5.0,-90.5,2.5,ruber,0,23.19307291470818,0.39766703500884404
16,-0.33968922848253424,22.795405879699334,LGM,-5.0,-90.5,2.5,sacculifer,1,23.18891936966205,0.3935134899627144
17,0.17859609244700023,23.42543512413263,LGM,-5.0,-89.5,-1.5,ruber,0,23.892456917152963,0.46702179302033286
18,0.1476517112048091,23.42543512413263,LGM,-5.0,-89.5,-1.5,sacculifer,1,24.03725309891077,0.6118179747781411
19,-0.19548191238382281,22.785625352512625,LGM,-5.0,-89.5,2.5,ruber,0,23.198749371227116,0.4131240187144911
20,-0.31480706225754984,22.785625352512625,LGM,-5.0,-89.5,2.5,sacculifer,1,23.242609518330934,0.4569841658183087
21,-0.18933304228596462,22.752051276793974,LGM,-5.0,-87.5,2.5,ruber,0,23.19245088977339,0.4403996129794159
22,-0.2553557646105334,22.752051276793974,LGM,-5.0,-87.5,2.5,sacculifer,1,23.325850923926772,0.5737996471327982
23,-0.5900260934283618,22.53078750452527,LGM,-5.0,-87.5,5.5,sacculifer,1,22.744556843859385,0.2137693393341138
24,0.14425914713443513,23.30023894575792,LGM,-5.0,-86.5,-2.5,ruber,0,23.834814353828992,0.5345754080710741
25,0.1596526450909394,23.30023894575792,LGM,-5.0,-86.5,-2.5,sacculifer,1,24.0652715328047,0.7650325870467825
26,0.20173734482689928,23.42863300039807,LGM,-5.0,-86.5,-1.5,ruber,0,23.945660395948114,0.5170273955500448
27,0.24322598033499684,23.42863300039807,LGM,-5.0,-86.5,-1.5,sacculifer,1,24.202886389490434,0.7742533890923653
28,0.25571945245122735,23.540772538183383,LGM,-5.0,-85.5,-1.5,ruber,0,24.059786821675665,0.5190142834922824
29,0.3245224955611389,23.540772538183383,LGM,-5.0,-85.5,-1.5,sacculifer,1,24.353988303527984,0.8132157653446015
30,0.259410791997443,23.543307074458838,LGM,-5.0,-84.5,-2.5,ruber,0,24.040534021173812,0.49722694671497436
31,0.34304369567742643,23.543307074458838,LGM,-5.0,-84.5,-2.5,sacculifer,1,24.3799414186794,0.8366343442205633
32,-0.06849355357083384,23.698553422903167,LGM,-5.0,-83.5,24.5,ruber,0,23.430965968048024,-0.2675874548551427
33,2.4391456442838266,25.932796523852314,LGM,-5.0,-79.5,-43.5,bulloides,2,26.702760919168224,0.7699643953159097
34,2.349733952869915,25.932796523852314,LGM,-5.0,-79.5,-43.5,pachy_d,3,26.665442356484903,0.7326458326325884
35,-0.5579886365286464,22.338797021299747,LGM,-5.0,-79.5,13.5,ruber,0,22.499635943517298,0.16083892221755036
36,-0.47759892791509606,22.664584883565716,LGM,-5.0,-79.5,16.5,ruber,0,22.639148362533607,-0.025436521032109027
37,-0.6950611190755938,22.664584883565716,LGM,-5.0,-79.5,16.5,sacculifer,1,22.56121697258457,-0.10336791098114517
38,-0.40969214605053006,22.926775992210892,LGM,-5.0,-79.5,17.5,ruber,0,22.78094416692893,-0.14583182528196303
39,-0.5947161978682987,22.926775992210892,LGM,-5.0,-79.5,17.5,sacculifer,1,22.72835655748381,-0.19841943472708223
40,2.4732128807952276,25.902229567134846,LGM,-5.0,-78.5,-43.5,bulloides,2,26.745712670318753,0.8434831031839067
41,2.386698479370475,25.902229567134846,LGM,-5.0,-78.5,-43.5,pachy_d,3,26.698175358042352,0.7959457909075063
42,0.44831619775217574,24.232362653699113,LGM,-5.0,-78.5,-17.5,bulloides,2,24.424880889948867,0.19251823624975373
43,-0.5088385326763549,22.226225989525272,LGM,-5.0,-78.5,11.5,ruber,0,22.580754030604254,0.35452804107898217
44,-0.5189407273738522,22.3100597665097,LGM,-5.0,-78.5,12.5,ruber,0,22.574181945642053,0.2641221791323538
45,-0.5360206557468995,22.28815986301919,LGM,-5.0,-78.5,14.5,ruber,0,22.538958788811957,0.2507989257927683
46,-0.4962400324656532,22.64548188612073,LGM,-5.0,-78.5,16.5,ruber,0,22.605869596410916,-0.03961228970981523
47,-0.7063835082884382,22.64548188612073,LGM,-5.0,-78.5,16.5,sacculifer,1,22.548973368807182,-0.09650851731354848
48,-0.47007434100634127,22.319928538892004,LGM,-5.0,-77.5,12.5,ruber,0,22.66358833423502,0.34365979534301516
49,-0.4981182781316936,22.635141715992898,LGM,-5.0,-77.5,16.5,ruber,0,22.597586688027732,-0.03755502796516552
50,-0.7049615159492029,22.635141715992898,LGM,-5.0,-77.5,16.5,sacculifer,1,22.54649375507651,-0.08864796091638638
51,-0.4132436872208468,22.98336362265067,LGM,-5.0,-77.5,17.5,ruber,0,22.760301077849377,-0.2230625448012944
52,-0.4832336649132174,22.63356437318222,LGM,-5.0,-76.5,16.5,ruber,0,22.624457145551922,-0.009107227630298809
53,-0.6907951420578875,22.63356437318222,LGM,-5.0,-76.5,16.5,sacculifer,1,22.572110063276583,-0.06145430990563838
54,-0.0042415884370244645,24.727153203189253,LGM,-5.0,-76.5,32.5,ruber,0,23.55382067228007,-1.1733325309091818
55,1.0582812781717967,25.464592382111523,LGM,-5.0,-75.5,-25.5,bulloides,2,25.123380990364634,-0.34121139174688864
56,-0.1297284534939839,24.618506631479026,LGM,-5.0,-75.5,31.5,ruber,0,23.304274121364205,-1.3142325101148202
57,-0.41116661694962253,22.344249931832415,LGM,-5.0,-74.5,13.5,ruber,0,22.78061905117711,0.43636911934469325
58,-0.6309338262932487,22.344249931832415,LGM,-5.0,-74.5,13.5,sacculifer,1,22.673259433235458,0.32900950140304275
59,-0.4555618955963594,22.67406176434001,LGM,-5.0,-74.5,16.5,ruber,0,22.700046665616032,0.025984901276022043
60,-0.6634234933380306,22.67406176434001,LGM,-5.0,-74.5,16.5,sacculifer,1,22.619398613031397,-0.05466315130861332
61,-0.06502684796128395,24.026717284342332,LGM,-5.0,-74.5,21.5,ruber,0,23.438885527678902,-0.5878317566634301
62,-0.1691090698549921,24.026717284342332,LGM,-5.0,-74.5,21.5,sacculifer,1,23.48606352890874,-0.540653755433592
63,-0.4495985742859555,22.614548587850987,LGM,-5.0,-72.5,15.5,ruber,0,22.71546165564417,0.10091306779318288
64,-0.6749983350269397,22.614548587850987,LGM,-5.0,-72.5,15.5,sacculifer,1,22.600852915619928,-0.013695672231058609
65,-0.4341824976397847,22.845515385835238,LGM,-5.0,-72.5,16.5,ruber,0,22.71241917338715,-0.13309621244808767
66,-0.6389351418064957,22.845515385835238,LGM,-5.0,-72.5,16.5,sacculifer,1,22.667123977690558,-0.17839140814468024
67,-0.43873297428674085,22.6678629335085,LGM,-5.0,-71.5,15.5,ruber,0,22.717356283641163,0.049493350132664204
68,-0.41729169158573687,22.892802412771655,LGM,-5.0,-71.5,16.5,ruber,0,22.766081680026872,-0.1267207327447828
69,-0.6210768632660141,22.892802412771655,LGM,-5.0,-71.5,16.5,sacculifer,1,22.696230201922212,-0.19657221084944254
70,-0.3108812605258022,23.200959308180963,LGM,-5.0,-71.5,17.5,ruber,0,22.97085669134801,-0.2301026168329514
71,-0.4860259441856557,23.200959308180963,LGM,-5.0,-71.5,17.5,sacculifer,1,22.92678432378879,-0.2741749843921717
72,-0.3941997784559286,22.901649655896875,LGM,-5.0,-70.5,16.5,ruber,0,22.79243811446838,-0.10921154142849687
73,-0.5976044819508182,22.901649655896875,LGM,-5.0,-70.5,16.5,sacculifer,1,22.735478368111746,-0.16617128778512935
74,-0.40880599060205086,22.72370119723416,LGM,-5.0,-68.5,15.5,ruber,0,22.772902685924286,0.04920148869012664
75,-0.6303966577326117,22.72370119723416,LGM,-5.0,-68.5,15.5,sacculifer,1,22.680140938801507,-0.04356025843265243
76,-0.28295838689254593,23.140616471579275,LGM,-5.0,-67.5,17.5,ruber,0,23.01482560735419,-0.12579086422508468
77,-0.4634097044527856,23.140616471579275,LGM,-5.0,-67.5,17.5,sacculifer,1,22.97318983539759,-0.16742663618168407
78,-0.07684397968694308,23.236234701383136,LGM,-5.0,-66.5,11.5,ruber,0,23.42624519814176,0.19001049675862447
79,-0.3026101904638536,23.09787256480912,LGM,-5.0,-66.5,17.5,ruber,0,22.97793348941655,-0.1199390753925691
80,-0.4847301356008814,23.09787256480912,LGM,-5.0,-66.5,17.5,sacculifer,1,22.93611441833085,-0.16175814647827025
81,-0.4158172769336727,22.623756233596257,LGM,-5.0,-65.5,15.5,ruber,0,22.747615592849282,0.12385935925302505
82,-0.6383725390032461,22.623756233596257,LGM,-5.0,-65.5,15.5,sacculifer,1,22.673588831280384,0.04983259768412651
83,-0.3244923430406509,23.03741320006747,LGM,-5.0,-65.5,17.5,ruber,0,22.940452562716267,-0.0969606373512022
84,-0.5114072957379628,23.03741320006747,LGM,-5.0,-65.5,17.5,sacculifer,1,22.88813745802913,-0.1492757420383377
85,-0.22600311313511198,23.297041936798006,LGM,-5.0,-64.5,18.5,ruber,0,23.139992962295334,-0.15704897450267197
86,-0.39324555154785673,23.297041936798006,LGM,-5.0,-64.5,18.5,sacculifer,1,23.10214924339332,-0.19489269340468596
87,0.06172155800103751,25.33607176835852,LGM,-5.0,-64.5,31.5,ruber,0,23.664539057798212,-1.6715327105603066
88,-0.02091370450265201,25.33607176835852,LGM,-5.0,-64.5,31.5,sacculifer,1,23.749459351073625,-1.5866124172848934
89,-0.4228446327524485,22.354800948570954,LGM,-5.0,-63.5,14.5,ruber,0,22.753765437364947,0.39896448879399316
90,-0.658906270546954,22.354800948570954,LGM,-5.0,-63.5,14.5,sacculifer,1,22.63060814669394,0.2758071981229868
91,-0.3727173462052244,22.881063554641173,LGM,-5.0,-63.5,17.5,ruber,0,22.853424685177064,-0.027638869464109206
92,-0.5754750739900972,22.881063554641173,LGM,-5.0,-63.5,17.5,sacculifer,1,22.77237381440653,-0.10868974023464162
93,-0.23133022585810814,23.25047246636024,LGM,-5.0,-63.5,18.5,ruber,0,23.121377963171863,-0.12909450318837656
94,-0.40685382336932974,23.25047246636024,LGM,-5.0,-63.5,18.5,sacculifer,1,23.067278314345913,-0.18319415201432676
95,-0.4864757147858708,22.38438745143603,LGM,-5.0,-62.5,15.5,ruber,0,22.626221855771103,0.24183440433507286
96,-0.7238488838881312,22.38438745143603,LGM,-5.0,-62.5,15.5,sacculifer,1,22.51863690324441,0.13424945180837966
97,-0.5223142190297002,22.48859953935277,LGM,-5.0,-62.5,16.5,ruber,0,22.55388490151031,0.06528536215753888
98,-0.7523593317641006,22.48859953935277,LGM,-5.0,-62.5,16.5,sacculifer,1,22.46493147027423,-0.023668069078539133
99,-0.47084832310093905,22.30343023939398,LGM,-5.0,-61.5,14.5,ruber,0,22.65861237900504,0.3551821396110597
100,-0.7122545166971305,22.30343023939398,LGM,-5.0,-61.5,14.5,sacculifer,1,22.541330795732332,0.23790055633835294
101,-0.5243095713676245,22.39521109188583,LGM,-5.0,-60.5,15.5,ruber,0,22.561721262969872,0.16651017108404176
102,-0.7589618438226995,22.39521109188583,LGM,-5.0,-60.5,15.5,sacculifer,1,22.458119448144878,0.06290835625904734
103,3.817842343111056,27.0029832058554,LGM,-5.0,-59.5,-53.5,pachy_s,4,27.23544190480532,0.23245869894991955
104,-0.5391798117640298,22.424559029422333,LGM,-5.0,-59.5,15.5,ruber,0,22.54081552579523,0.11625649637289825
105,-0.7671051980785374,22.424559029422333,LGM,-5.0,-59.5,15.5,sacculifer,1,22.44769306250408,0.023134033081745997
106,4.007854462002909,27.142337158203198,LGM,-5.0,-58.5,-55.5,pachy_s,4,27.284895994294406,0.142558836091208
107,3.9189927974226757,27.057735160964178,LGM,-5.0,-58.5,-53.5,pachy_s,4,27.259699199169724,0.20196403820554565
108,4.072181247133116,27.18258331463931,LGM,-5.0,-57.5,-55.5,pachy_s,4,27.306186522543275,0.12360320790396528
109,2.5617721906587385,26.47765130887284,LGM,-5.0,-57.5,-45.5,bulloides,2,26.814456057468924,0.33680474859608367
110,2.821329576454126,26.47765130887284,LGM,-5.0,-57.5,-45.5,pachy_d,3,27.154195385675305,0.6765440768024646
111,3.7304763618572236,26.47765130887284,LGM,-5.0,-57.5,-45.5,pachy_s,4,27.200099246724125,0.7224479378512854
112,0.3115505762606361,25.617089239030584,LGM,-5.0,-57.5,33.5,ruber,0,24.158727686120066,-1.4583615529105174
113,4.180344185571652,27.256323658013528,LGM,-5.0,-56.5,-56.5,pachy_s,4,27.331205328520568,0.07488167050703964
114,4.031310473962425,26.940175515695266,LGM,-5.0,-56.5,-48.5,pachy_s,4,27.28980074504959,0.3496252293543236
115,2.9088739419782677,26.55252760148561,LGM,-5.0,-55.5,42.5,pachy_s,4,26.986699979249885,0.4341723777642734
116,4.328113795658729,27.320161117348466,LGM,-5.0,-53.5,-57.5,pachy_s,4,27.370177284790504,0.050016167442038295
117,4.367815801107239,27.251118392958457,LGM,-5.0,-50.5,-53.5,pachy_s,4,27.38165571615373,0.13053732319527356
118,0.2563615727638991,24.21696653042921,LGM,-5.0,-49.5,20.5,ruber,0,24.054023099698675,-0.16294343073053597
119,-0.5059530306711544,22.398639530502038,LGM,-5.0,-48.5,5.5,ruber,0,22.57868300649468,0.18004347599264037
120,-0.5999680233068305,22.398639530502038,LGM,-5.0,-48.5,5.5,sacculifer,1,22.740858709013022,0.3422191785109838
121,-0.2180174629098171,23.260957198723347,LGM,-5.0,-48.5,17.5,ruber,0,23.13469237619349,-0.12626482252985483
122,0.6685768750182303,25.589989087187,LGM,-5.0,-48.5,26.5,ruber,0,24.857650425170323,-0.7323386620166765
123,4.342411316084909,28.083663683706693,LGM,-5.0,-48.5,57.5,pachy_s,4,27.375385832148265,-0.708277851558428
124,0.6068676034304245,25.225575766340256,LGM,-5.0,-47.5,24.5,ruber,0,24.71462752799457,-0.5109482383456871
125,1.6366076339001587,26.190558386850114,LGM,-5.0,-47.5,41.5,bulloides,2,25.76628562183971,-0.4242727650104037
126,4.443469126131284,28.1245826214565,LGM,-5.0,-47.5,58.5,pachy_s,4,27.398045851677818,-0.7265367697786829
127,-0.4818063425368438,22.570219255352658,LGM,-5.0,-46.5,3.5,ruber,0,22.62656011048284,0.0563408551301805
128,-0.5790298583620753,22.570219255352658,LGM,-5.0,-46.5,3.5,sacculifer,1,22.77977708507383,0.20955782972117376
129,-0.5015944423539014,22.48965422390798,LGM,-5.0,-46.5,5.5,ruber,0,22.607792752977673,0.11813852906969302
130,-0.5816797366854866,22.48965422390798,LGM,-5.0,-46.5,5.5,sacculifer,1,22.761997349311617,0.27234312540363703
131,-0.3467209606363785,22.964986458042386,LGM,-5.0,-46.5,16.5,ruber,0,22.899761081135736,-0.06522537690664976
132,0.5559751900464468,24.97003794229143,LGM,-5.0,-46.5,23.5,ruber,0,24.62957292187043,-0.340465020421
133,0.7284056854814126,25.83956605102016,LGM,-5.0,-46.5,28.5,ruber,0,24.947285317284425,-0.8922807337357348
134,-0.49711178355543323,22.53191269756878,LGM,-5.0,-45.5,5.5,ruber,0,22.60163975574305,0.06972705817426927
135,-0.5722668387092915,22.53191269756878,LGM,-5.0,-45.5,5.5,sacculifer,1,22.78805632360937,0.2561436260405898
136,-0.545945506605356,22.422149802624393,LGM,-5.0,-45.5,11.5,ruber,0,22.5038498669109,0.08170006428650822
137,-0.31272953535036424,23.00219091867528,LGM,-5.0,-45.5,16.5,ruber,0,22.959706282614484,-0.04248463606079511
138,-0.4957882387067577,22.58802252307487,LGM,-5.0,-44.5,5.5,ruber,0,22.625964936672396,0.037942413597527036
139,-0.5670713264515947,22.58802252307487,LGM,-5.0,-44.5,5.5,sacculifer,1,22.792742906584696,0.20472038350982658
140,-0.5212596755620488,22.4888783226752,LGM,-5.0,-44.5,6.5,ruber,0,22.568988730685653,0.0801104080104551
141,-0.5871913673380456,22.4888783226752,LGM,-5.0,-44.5,6.5,sacculifer,1,22.762787162328724,0.27390883965352586
142,0.7569995041888073,25.968341503239817,LGM,-5.0,-44.5,35.5,ruber,0,25.002680765803724,-0.9656607374360924
143,0.8877199289685518,24.786776240165658,LGM,-5.0,-43.5,-29.5,sacculifer,1,25.339031039714744,0.5522547995490861
144,-0.47046379428669105,22.74991795635946,LGM,-5.0,-43.5,4.5,ruber,0,22.666531441938467,-0.08338651442099376
145,-0.5470158530180684,22.74991795635946,LGM,-5.0,-43.5,4.5,sacculifer,1,22.830575566535373,0.080657610175912
146,-0.4976238078078747,22.657983700426247,LGM,-5.0,-43.5,5.5,ruber,0,22.613768854423636,-0.044214846002610386
147,-0.5660931999123964,22.657983700426247,LGM,-5.0,-43.5,5.5,sacculifer,1,22.790355892436672,0.1323721920104255
148,-0.5247625959152616,22.566397045593586,LGM,-5.0,-43.5,6.5,ruber,0,22.562647912108833,-0.003749133484753031
149,-0.585066057616772,22.566397045593586,LGM,-5.0,-43.5,6.5,sacculifer,1,22.75577798654015,0.18938094094656321
150,-0.2934910682909313,22.97324161164074,LGM,-5.0,-43.5,15.5,ruber,0,22.986996445908026,0.013754834267285077
151,0.7603253678070101,25.776959404795534,LGM,-5.0,-43.5,27.5,ruber,0,25.021800538190096,-0.7551588666054379
152,0.7853423007373704,25.919426157177025,LGM,-5.0,-43.5,29.5,ruber,0,25.061512249544393,-0.8579139076326321
153,4.18399582029055,27.93922284430669,LGM,-5.0,-43.5,50.5,pachy_s,4,27.331780334847426,-0.6074425094592648
154,4.1413533914022596,27.91258358804215,LGM,-5.0,-43.5,51.5,pachy_s,4,27.32057568150754,-0.5920079065346115
155,-0.32062546276180387,23.368839192614743,LGM,-5.0,-42.5,0.5,ruber,0,22.947916749559695,-0.4209224430550478
156,-0.4705018636734131,22.81277938068082,LGM,-5.0,-42.5,4.5,ruber,0,22.65933814956101,-0.15344123111981034
157,-0.5470066099138016,22.81277938068082,LGM,-5.0,-42.5,4.5,sacculifer,1,22.8205667262135,0.007787345532680234
158,-0.5146114027172715,22.535305319829472,LGM,-5.0,-42.5,11.5,ruber,0,22.582484937581143,0.04717961775167012
159,-0.4247912670202989,22.97797604082683,LGM,-5.0,-41.5,3.5,ruber,0,22.72823969674002,-0.24973634408681278
160,-0.5094425195977236,22.97797604082683,LGM,-5.0,-41.5,3.5,sacculifer,1,22.88540685001085,-0.0925691908159827
161,-0.46270784053056657,22.862870230031255,LGM,-5.0,-41.5,4.5,ruber,0,22.673394460333988,-0.18947576969726754
162,-0.54024485430682,22.862870230031255,LGM,-5.0,-41.5,4.5,sacculifer,1,22.834871181853416,-0.027999048177839825
163,-0.5629922354132548,22.520430994465354,LGM,-5.0,-41.5,8.5,ruber,0,22.48319192744344,-0.03723906702191471
164,0.8221443453925061,25.93347519879555,LGM,-5.0,-41.5,29.5,ruber,0,25.134615643757545,-0.7988595550380033
165,0.8394279722783375,26.016011085372128,LGM,-5.0,-41.5,32.5,ruber,0,25.171031305738765,-0.8449797796333627
166,4.5897119677932565,27.265265871326182,LGM,-5.0,-40.5,-54.5,pachy_s,4,27.432816810171662,0.1675509388454799
167,-0.555790760830128,22.57561403465168,LGM,-5.0,-40.5,8.5,ruber,0,22.48456203857601,-0.09105199607567016
168,-0.622374038956019,22.57561403465168,LGM,-5.0,-40.5,8.5,sacculifer,1,22.68934933659574,0.113735301944061
169,0.8678343057965433,26.059865028092098,LGM,-5.0,-40.5,35.5,ruber,0,25.24452458740235,-0.8153404406897486
170,-0.3644887707933247,23.253971473881904,LGM,-5.0,-39.5,-1.5,ruber,0,22.866552992548996,-0.387418481332908
171,-0.29768176004290486,23.39287774607609,LGM,-5.0,-39.5,-0.5,ruber,0,22.981421778407427,-0.41145596766866177
172,-0.5485892862470013,22.630797074838007,LGM,-5.0,-39.5,8.5,ruber,0,22.500091868655176,-0.13070520618283155
173,-0.614323375333843,22.630797074838007,LGM,-5.0,-39.5,8.5,sacculifer,1,22.707141360005902,0.07634428516789526
174,-0.5406992608053502,22.610554294017707,LGM,-5.0,-39.5,9.5,ruber,0,22.521410852542513,-0.08914344147519415
175,2.6224554990257034,27.198480531744945,LGM,-5.0,-39.5,45.5,pachy_d,3,26.941242982392694,-0.25723754935225074
176,3.120988530708652,27.198480531744945,LGM,-5.0,-39.5,45.5,pachy_s,4,27.03437490710388,-0.16410562464106349
177,3.4774998900388643,27.839979244156005,LGM,-5.0,-39.5,51.5,pachy_d,3,27.860176644420022,0.020197400264017062
178,0.9874677565399711,24.887901228243432,LGM,-5.0,-38.5,-30.5,ruber,0,25.45219371509608,0.5642924868526471
179,0.9501681759592757,24.887901228243432,LGM,-5.0,-38.5,-30.5,sacculifer,1,25.438608818031334,0.5507075897879012
180,0.5991044536482684,24.628726020584168,LGM,-5.0,-38.5,-22.5,sacculifer,1,24.823262870535753,0.19453684995158582
181,0.603407024268886,24.534674564037335,LGM,-5.0,-38.5,-21.5,ruber,0,24.72511404565175,0.19043948161441548
182,0.5369807289743329,24.534674564037335,LGM,-5.0,-38.5,-21.5,sacculifer,1,24.709821335805362,0.17514677176802707
183,0.9755599710195418,24.88920966916485,LGM,-5.0,-37.5,-30.5,ruber,0,25.435698169264487,0.5464885000996382
184,0.9349546888687085,24.88920966916485,LGM,-5.0,-37.5,-30.5,sacculifer,1,25.40684103145766,0.5176313622928106
185,-0.7529397181458958,22.6480719180635,LGM,-5.0,-37.5,-4.5,sacculifer,1,22.45953249840085,-0.18853941966264998
186,-0.5870379248228138,22.9731322562092,LGM,-5.0,-37.5,-3.5,sacculifer,1,22.75326349380608,-0.21986876240312014
187,0.8994116212069654,26.021818516451358,LGM,-5.0,-37.5,31.5,ruber,0,25.286683610962612,-0.7351349054887457
188,1.1942152318230772,25.08612549002325,LGM,-5.0,-36.5,-32.5,ruber,0,25.840671923295826,0.7545464332725764
189,1.165151289277458,25.08612549002325,LGM,-5.0,-36.5,-32.5,sacculifer,1,25.815541456563434,0.7294159665401843
190,1.0933829181354133,25.00689251214806,LGM,-5.0,-36.5,-31.5,ruber,0,25.658938692223742,0.6520461800756827
191,1.058912931540824,25.00689251214806,LGM,-5.0,-36.5,-31.5,sacculifer,1,25.629287997276634,0.6223954851285747
192,-0.5641540448203857,22.77411277952282,LGM,-5.0,-36.5,-4.5,ruber,0,22.47735325704151,-0.29675952248130955
193,-0.6753045461752762,22.77411277952282,LGM,-5.0,-36.5,-4.5,sacculifer,1,22.60122325748808,-0.1728895220347404
194,1.1172985704251506,26.009223322757602,LGM,-5.0,-36.5,30.5,bulloides,2,25.182589614769647,-0.8266337079879555
195,0.9029819253048195,26.009223322757602,LGM,-5.0,-36.5,30.5,sacculifer,1,25.352511797888468,-0.6567115248691344
196,1.1187437576843595,26.027935932120293,LGM,-5.0,-36.5,31.5,bulloides,2,25.185688183916128,-0.8422477482041657
197,0.9207002987297774,26.027935932120293,LGM,-5.0,-36.5,31.5,ruber,0,25.3336410635182,-0.6942948686020927
198,0.9095546772471133,26.027935932120293,LGM,-5.0,-36.5,31.5,sacculifer,1,25.3627816917172,-0.6651542404030941
199,3.7413205604313466,27.691558541042305,LGM,-5.0,-36.5,52.5,pachy_s,4,27.219489954457565,-0.47206858658474005
200,1.0819150608456105,24.995249825373065,LGM,-5.0,-35.5,-31.5,ruber,0,25.637781543221212,0.6425317178481471
201,1.046423684923564,24.995249825373065,LGM,-5.0,-35.5,-31.5,sacculifer,1,25.598531552839457,0.603281727466392
202,-0.26947201921620295,23.289843317308712,LGM,-5.0,-35.5,2.5,ruber,0,23.03236405382969,-0.2574792634790235
203,-0.37694027836068744,23.289843317308712,LGM,-5.0,-35.5,2.5,sacculifer,1,23.11882674701294,-0.1710165702957731
204,0.9418882052769652,26.043940565470308,LGM,-5.0,-35.5,31.5,ruber,0,25.368030188142686,-0.6759103773276216
205,3.335596463311762,27.66741342851465,LGM,-5.0,-35.5,52.5,pachy_d,3,27.694460742744276,0.027047314229626807
206,3.677818811028585,27.66741342851465,LGM,-5.0,-35.5,52.5,pachy_s,4,27.196236221373997,-0.47117720714065214
207,-0.6833088052505891,22.66281355183192,LGM,-5.0,-34.5,-8.5,ruber,0,22.248914217527254,-0.4138993343046664
208,-0.7941308428621827,22.66281355183192,LGM,-5.0,-34.5,-8.5,sacculifer,1,22.394766544816747,-0.2680470070151735
209,-0.8076527716394241,22.641680370149746,LGM,-5.0,-34.5,-7.5,sacculifer,1,22.365756724188405,-0.2759236459613419
210,-0.13889109918733178,23.556867217143893,LGM,-5.0,-34.5,-1.5,ruber,0,23.290840717705446,-0.26602649943844625
211,-0.290793366397227,23.213648329993354,LGM,-5.0,-34.5,3.5,ruber,0,23.013813893467805,-0.1998344365255491
212,-0.3517471881552117,23.079730552605845,LGM,-5.0,-34.5,5.5,ruber,0,22.87395960229577,-0.2057709503100753
213,-0.4238072348623302,23.079730552605845,LGM,-5.0,-34.5,5.5,sacculifer,1,23.04557888531389,-0.034151667291954624
214,1.1783951257860195,26.08995307518662,LGM,-5.0,-34.5,32.5,bulloides,2,25.254095926203522,-0.8358571489830986
215,0.9644469968433487,26.08995307518662,LGM,-5.0,-34.5,32.5,ruber,0,25.404552358252268,-0.6854007169343532
216,0.9734784915793543,26.08995307518662,LGM,-5.0,-34.5,32.5,sacculifer,1,25.473847047570207,-0.6161060276164143
217,1.7381183353549319,26.55626052320798,LGM,-5.0,-34.5,44.5,pachy_d,3,26.018728345969574,-0.5375321772384041
218,-0.7158930671559145,22.73264634107181,LGM,-5.0,-33.5,-8.5,ruber,0,22.193269941001272,-0.5393764000705374
219,-0.7882186162460671,22.73264634107181,LGM,-5.0,-33.5,-8.5,sacculifer,1,22.40781911375279,-0.3248272273190196
220,-0.6361430703455933,22.739649014315372,LGM,-5.0,-33.5,-5.5,ruber,0,22.33428311274814,-0.40536590156723307
221,-0.13872436785054287,23.581181563199575,LGM,-5.0,-33.5,1.5,ruber,0,23.297288522734807,-0.2838930404647684
222,-0.23641310649572062,23.581181563199575,LGM,-5.0,-33.5,1.5,sacculifer,1,23.36691215932634,-0.21426940387323512
223,-0.22333737616765564,23.363741913973897,LGM,-5.0,-33.5,2.5,ruber,0,23.121210041437784,-0.2425318725361123
224,-0.3330355146396885,23.363741913973897,LGM,-5.0,-33.5,2.5,sacculifer,1,23.1989364752857,-0.16480543868819808
225,-0.32997753372627503,23.124279316330803,LGM,-5.0,-33.5,5.5,ruber,0,22.924191075288437,-0.20008824104236567
226,1.0952732879911273,26.30445755895137,LGM,-5.0,-33.5,39.5,ruber,0,25.657570293404568,-0.6468872655468019
227,3.3784580747952457,27.66788860173687,LGM,-5.0,-33.5,53.5,pachy_d,3,27.756181668423576,0.08829306668670611
228,-0.08162431154587377,23.582385559542885,LGM,-5.0,-32.5,-1.5,ruber,0,23.40224870166958,-0.18013685787330402
229,-0.025597910245869666,23.824377483233587,LGM,-5.0,-32.5,0.5,ruber,0,23.51154922200999,-0.3128282612235971
230,-0.11321922475940487,23.61049907328832,LGM,-5.0,-32.5,1.5,ruber,0,23.341366069973116,-0.2691330033152042
231,-0.24817709585225187,23.285387908155187,LGM,-5.0,-32.5,3.5,ruber,0,23.09072460117398,-0.19466330698120515
232,-0.3528166918892218,23.285387908155187,LGM,-5.0,-32.5,3.5,sacculifer,1,23.16406553045839,-0.12132237769679577
233,1.240607660575952,26.17660193914877,LGM,-5.0,-32.5,33.5,bulloides,2,25.324006012005473,-0.8525959271432981
234,1.0299158807240385,26.17660193914877,LGM,-5.0,-32.5,33.5,ruber,0,25.545638432190888,-0.6309635069578832
235,1.0556206769783405,26.17660193914877,LGM,-5.0,-32.5,33.5,sacculifer,1,25.621385468279456,-0.5552164708693148
236,1.2473534857316613,26.249537082071598,LGM,-5.0,-32.5,35.5,bulloides,2,25.335912157101546,-0.9136249249700512
237,1.066772761014143,26.249537082071598,LGM,-5.0,-32.5,35.5,ruber,0,25.59687708664947,-0.6526599954221268
238,1.2488967569291702,26.328950006136036,LGM,-5.0,-32.5,37.5,bulloides,2,25.318342602646123,-1.0106074034899137
239,1.154133122338041,26.259127935532696,LGM,-5.0,-32.5,41.5,pachy_d,3,25.38865775779427,-0.8704701777384258
240,1.1990509019883653,26.236436544889152,LGM,-5.0,-32.5,42.5,bulloides,2,25.26539675509408,-0.9710397897950713
241,1.1710139177254018,26.236436544889152,LGM,-5.0,-32.5,42.5,pachy_d,3,25.405764423489043,-0.8306721214001094
242,0.762127998820896,24.647312970790082,LGM,-5.0,-31.5,-28.5,ruber,0,25.013224438033863,0.3659114672437802
243,0.7107693950057693,24.647312970790082,LGM,-5.0,-31.5,-28.5,sacculifer,1,25.025154309071326,0.3778413382812431
244,0.0027585608791043867,23.8535109442963,LGM,-5.0,-31.5,0.5,ruber,0,23.562705510802402,-0.2908054334938974
245,-0.18087409404444765,23.41975302693879,LGM,-5.0,-31.5,2.5,ruber,0,23.2132705972448,-0.20648242969398822
246,-0.29555525380972536,23.41975302693879,LGM,-5.0,-31.5,2.5,sacculifer,1,23.262433110485397,-0.1573199164533925
247,1.2246159308449511,26.342832545298325,LGM,-5.0,-31.5,40.5,bulloides,2,25.293955752445754,-1.048876792852571
248,4.335464876013316,27.16416662667111,LGM,-5.0,-30.5,-52.5,pachy_s,4,27.361138523130037,0.1969718964589262
249,1.0272394217536875,24.90585352727851,LGM,-5.0,-30.5,-31.5,ruber,0,25.539285069977428,0.6334315426989185
250,0.9935191699634933,24.90585352727851,LGM,-5.0,-30.5,-31.5,sacculifer,1,25.50600575110849,0.6001522238299799
251,-0.16025434647040027,23.444777336137854,LGM,-5.0,-30.5,2.5,ruber,0,23.26780267845751,-0.17697465768034348
252,-0.2778858738765831,23.444777336137854,LGM,-5.0,-30.5,2.5,sacculifer,1,23.286903119931484,-0.15787421620636977
253,1.3084091380432776,26.21616063595482,LGM,-5.0,-30.5,31.5,bulloides,2,25.391084920368893,-0.8250757155859283
254,1.0488195966242413,26.21616063595482,LGM,-5.0,-30.5,31.5,ruber,0,25.56879256450195,-0.6473680714528705
255,1.3123619589725686,26.256746707755376,LGM,-5.0,-30.5,33.5,bulloides,2,25.375845693981336,-0.8809010137740394
256,1.0896718593616064,26.256746707755376,LGM,-5.0,-30.5,33.5,ruber,0,25.656533639208195,-0.6002130685471805
257,1.1288769817885078,26.256746707755376,LGM,-5.0,-30.5,33.5,sacculifer,1,25.750826607562374,-0.505920100193002
258,1.33424990342538,26.414343498582056,LGM,-5.0,-30.5,37.5,bulloides,2,25.443624273556935,-0.9707192250251211
259,1.2435996394805626,26.414343498582056,LGM,-5.0,-30.5,37.5,sacculifer,1,25.94936012552006,-0.46498337306199744
260,1.2776952162801216,26.39777531995608,LGM,-5.0,-30.5,40.5,bulloides,2,25.37554986410095,-1.0222254558551285
261,1.4889834437734406,26.462794176279303,LGM,-5.0,-30.5,43.5,bulloides,2,25.585103809818644,-0.8776903664606586
262,1.4541328271341096,26.462794176279303,LGM,-5.0,-30.5,43.5,pachy_d,3,25.69711697512958,-0.7656772011497246
263,4.728534618791479,28.005809901608306,LGM,-5.0,-30.5,62.5,pachy_s,4,27.472917752817136,-0.53289214879117
264,1.0196466009155105,24.897537479515773,LGM,-5.0,-29.5,-31.5,ruber,0,25.521664845009077,0.6241273654933046
265,0.9859717668656747,24.897537479515773,LGM,-5.0,-29.5,-31.5,sacculifer,1,25.499923481918668,0.6023860024028949
266,-0.04086281544419787,23.700214286280254,LGM,-5.0,-29.5,1.5,ruber,0,23.48513500262946,-0.21507928365079465
267,1.3653439667415797,26.377693117539554,LGM,-5.0,-29.5,35.5,bulloides,2,25.462694743518796,-0.9149983740207581
268,1.227331559862283,26.377693117539554,LGM,-5.0,-29.5,35.5,sacculifer,1,25.91841157905915,-0.4592815384804041
269,1.3793530983631836,26.49102322308285,LGM,-5.0,-29.5,38.5,bulloides,2,25.474406806105694,-1.016616416977154
270,1.5226618732487063,26.51158511066084,LGM,-5.0,-29.5,43.5,bulloides,2,25.648629467588126,-0.8629556430727128
271,3.768219734925357,27.946321857361305,LGM,-5.0,-29.5,57.5,pachy_s,4,27.220167006252897,-0.7261548511084079
272,4.727110058679708,28.036015161830377,LGM,-5.0,-29.5,62.5,pachy_s,4,27.470155429796797,-0.5658597320335801
273,4.78566220419367,27.7302494959261,LGM,-5.0,-29.5,63.5,pachy_s,4,27.506984544095307,-0.2232649518307923
274,4.814523510648774,27.35411880779024,LGM,-5.0,-29.5,64.5,pachy_s,4,27.499190984845733,0.1450721770554928
275,1.0121387324852646,24.89197370378258,LGM,-5.0,-28.5,-31.5,ruber,0,25.492830305913554,0.6008566021309747
276,0.9789732379953283,24.89197370378258,LGM,-5.0,-28.5,-31.5,sacculifer,1,25.49069438417289,0.5987206803903113
277,1.1796822090055694,26.38050834996477,LGM,-5.0,-28.5,34.5,ruber,0,25.832716350619076,-0.5477919993456943
278,3.580469331261833,27.821761997835416,LGM,-5.0,-28.5,55.5,pachy_s,4,27.171698157436786,-0.6500638403986301
279,4.785173932267302,27.76002687742305,LGM,-5.0,-28.5,63.5,pachy_s,4,27.48157330412494,-0.27845357329811193
280,4.813743227020989,27.382105694573134,LGM,-5.0,-28.5,64.5,pachy_s,4,27.485106203664337,0.10300050909120273
281,4.81370838727365,26.916781192074776,LGM,-5.0,-28.5,65.5,pachy_s,4,27.489657193563072,0.5728760014882965
282,1.0865857927492875,24.949331446891495,LGM,-5.0,-27.5,-32.5,ruber,0,25.630887012081516,0.6815555651900205
283,1.0549961223060633,24.949331446891495,LGM,-5.0,-27.5,-32.5,sacculifer,1,25.622785640208157,0.6734541933166618
284,1.441794737257771,26.554869128944535,LGM,-5.0,-27.5,37.5,pachy_d,3,25.681494515218926,-0.8733746137256091
285,1.438236713298428,26.55761952325591,LGM,-5.0,-27.5,40.5,bulloides,2,25.527162985912067,-1.0304565373438415
286,1.3778707605389464,26.55761952325591,LGM,-5.0,-27.5,40.5,sacculifer,1,26.17710342379855,-0.38051609945735976
287,2.150275236068495,26.98410240057603,LGM,-5.0,-27.5,45.5,bulloides,2,26.36536074826499,-0.6187416523110407
288,2.990515589492059,27.636752843847226,LGM,-5.0,-27.5,50.5,bulloides,2,27.328462078115038,-0.3082907657321883
289,3.3298154012672962,27.636752843847226,LGM,-5.0,-27.5,50.5,pachy_s,4,27.08718431406946,-0.5495685297777655
290,3.475531335982531,27.7233699880714,LGM,-5.0,-27.5,53.5,pachy_s,4,27.14205264047169,-0.5813173475997111
291,3.638006957993606,27.894925778037237,LGM,-5.0,-27.5,56.5,pachy_s,4,27.168083729965193,-0.7268420480720437
292,4.215104553508587,28.22513577905261,LGM,-5.0,-27.5,59.5,pachy_s,4,27.340939977660497,-0.8841958013921136
293,4.784685660340933,27.789804258920007,LGM,-5.0,-27.5,63.5,pachy_s,4,27.48917527467874,-0.3006289842412677
294,-0.1279643339554135,23.45398199829718,LGM,-5.0,-26.5,6.5,ruber,0,23.312321819714096,-0.14166017858308422
295,2.983895811621703,27.64558971526844,LGM,-5.0,-26.5,50.5,bulloides,2,27.314479442426716,-0.33111027284172323
296,3.3058089572846123,27.64558971526844,LGM,-5.0,-26.5,50.5,pachy_s,4,27.086552620111643,-0.5590370951567962
297,0.11287275515496784,23.943142046460256,LGM,-5.0,-25.5,-0.5,ruber,0,23.777439233732974,-0.16570281272728238
298,0.03525567349233602,23.83273711791541,LGM,-5.0,-25.5,1.5,ruber,0,23.623281214064328,-0.20945590385108304
299,1.4304850494395425,26.635240288474684,LGM,-5.0,-25.5,37.5,sacculifer,1,26.272921948835723,-0.36231833963896065
300,1.5563215013988858,26.660881484076434,LGM,-5.0,-25.5,38.5,bulloides,2,25.677156576665485,-0.9837249074109486
301,1.453096772039403,26.660881484076434,LGM,-5.0,-25.5,38.5,sacculifer,1,26.31402146835484,-0.3468600157215924
302,1.5346972529448608,26.648787345220402,LGM,-5.0,-25.5,40.5,bulloides,2,25.674182668830415,-0.9746046763899869
303,1.4544443073552413,26.648787345220402,LGM,-5.0,-25.5,40.5,sacculifer,1,26.318342492067444,-0.330444853152958
304,1.4891898307387386,26.58349897831201,LGM,-5.0,-25.5,42.5,bulloides,2,25.582823955176,-1.0006750231360115
305,1.4179907148110797,26.58349897831201,LGM,-5.0,-25.5,42.5,sacculifer,1,26.25439622166922,-0.32910275664279
306,2.2011627193602807,27.054326441802385,LGM,-5.0,-25.5,45.5,bulloides,2,26.425269815205883,-0.6290566265965012
307,2.4330870995308467,27.054326441802385,LGM,-5.0,-25.5,45.5,pachy_s,4,26.865426499663197,-0.18889994213918726
308,2.465021855171836,27.249742282313306,LGM,-5.0,-25.5,46.5,bulloides,2,26.732266588139133,-0.5174756941741734
309,2.66437216211298,27.249742282313306,LGM,-5.0,-25.5,46.5,pachy_s,4,26.942591457766966,-0.3071508245463406
310,2.9295707075289545,27.641286066372825,LGM,-5.0,-25.5,48.5,bulloides,2,27.270836577364705,-0.37044948900812
311,3.11290326664568,27.641286066372825,LGM,-5.0,-25.5,48.5,pachy_s,4,27.045805365652065,-0.5954807007207599
312,2.993920853684069,27.6628857471715,LGM,-5.0,-25.5,51.5,bulloides,2,27.340292316821603,-0.3225934303498974
313,3.3322156927439095,27.6628857471715,LGM,-5.0,-25.5,51.5,pachy_s,4,27.096032937544788,-0.5668528096267131
314,3.774755661381027,28.024564965061927,LGM,-5.0,-25.5,57.5,pachy_s,4,27.213287311600006,-0.8112776534619215
315,4.770136074646892,27.822240844939692,LGM,-5.0,-25.5,63.5,pachy_s,4,27.48147302960005,-0.3407678153396425
316,4.757361133671339,26.373529449071032,LGM,-5.0,-25.5,66.5,pachy_s,4,27.477211679028972,1.1036822299579399
317,-0.008899665912838133,23.839775437522686,LGM,-5.0,-24.5,-1.5,sacculifer,1,23.76150108754031,-0.07827434998237592
318,-0.08914231140603564,23.542046166254668,LGM,-5.0,-24.5,7.5,ruber,0,23.385138842326608,-0.15690732392805984
319,1.7206985036421125,26.745016214017234,LGM,-5.0,-24.5,43.5,bulloides,2,25.857264807421373,-0.8877514065958607
320,1.97390207714875,26.90858257198786,LGM,-5.0,-24.5,44.5,bulloides,2,26.161275824802885,-0.7473067471849753
321,2.227477634030795,27.088939614465335,LGM,-5.0,-24.5,45.5,bulloides,2,26.452677116982446,-0.636262497482889
322,0.14947953323523255,23.994228397775558,LGM,-5.0,-23.5,-0.5,ruber,0,23.848596751527545,-0.14563164624801317
323,0.18481220080199906,24.12146812021615,LGM,-5.0,-23.5,0.5,ruber,0,23.92248758533267,-0.19898053488347855
324,0.09426670124471681,24.12146812021615,LGM,-5.0,-23.5,0.5,sacculifer,1,23.956246247347686,-0.16522187286846446
325,2.2486852871417145,27.116962732021033,LGM,-5.0,-23.5,45.5,bulloides,2,26.46704522422718,-0.6499175077938517
326,2.4918994228711155,27.29472164715877,LGM,-5.0,-23.5,46.5,bulloides,2,26.753942845467552,-0.5407788016912178
327,-0.1319806669323634,23.47419250826402,LGM,-5.0,-22.5,5.5,ruber,0,23.315822346037262,-0.1583701622267597
328,3.013698560898531,27.696962564411283,LGM,-5.0,-22.5,52.5,bulloides,2,27.370440799318754,-0.3265217650925294
329,3.2837686245667874,27.696962564411283,LGM,-5.0,-22.5,52.5,pachy_s,4,27.089036427999158,-0.6079261364121251
330,4.808700253843598,26.132060832158068,LGM,-5.0,-22.5,68.5,pachy_s,4,27.499572613225304,1.3675117810672361
331,-0.17272607891281083,23.409767422294806,LGM,-5.0,-21.5,4.5,ruber,0,23.24513666856776,-0.16463075372704594
332,-0.1353088630054635,23.4808690056697,LGM,-5.0,-21.5,5.5,ruber,0,23.29654998152348,-0.1843190241462196
333,-0.22782238660244913,23.4808690056697,LGM,-5.0,-21.5,5.5,sacculifer,1,23.367663691268728,-0.1132053144009717
334,-0.09535582584556133,23.557066881812773,LGM,-5.0,-21.5,6.5,ruber,0,23.369527899758793,-0.18753898205397945
335,-0.16790427245352285,23.557066881812773,LGM,-5.0,-21.5,6.5,sacculifer,1,23.4917468934348,-0.06531998837797204
336,0.5667945115620646,24.919483789629087,LGM,-5.0,-21.5,14.5,ruber,0,24.652749039735212,-0.2667347498938746
337,0.9089381292434604,25.820840319255616,LGM,-5.0,-21.5,18.5,ruber,0,25.301505322289525,-0.5193349969660908
338,0.840538123938181,25.820840319255616,LGM,-5.0,-21.5,18.5,sacculifer,1,25.24954389668123,-0.5712964225743846
339,2.7085612667117513,27.484317507708266,LGM,-5.0,-21.5,47.5,bulloides,2,27.00427679069735,-0.48004071701091533
340,2.9690362094056897,27.649640958241573,LGM,-5.0,-21.5,50.5,bulloides,2,27.313447248808895,-0.3361937094326777
341,3.158778002697219,27.649640958241573,LGM,-5.0,-21.5,50.5,pachy_s,4,27.055710124721966,-0.5939308335196074
342,4.680821542633314,26.128079308613387,LGM,-5.0,-21.5,67.5,pachy_s,4,27.457906491912976,1.3298271832995887
343,4.7778491676408725,26.132816689606823,LGM,-5.0,-21.5,68.5,pachy_s,4,27.48535649393222,1.3525398043253958
344,-0.1408001959629117,23.485864951907637,LGM,-5.0,-20.5,5.5,ruber,0,23.291434523189693,-0.19443042871794347
345,-0.05099032706367724,23.645422319307922,LGM,-5.0,-20.5,7.5,ruber,0,23.469812889740716,-0.17560942956720638
346,-0.12795500992840658,23.645422319307922,LGM,-5.0,-20.5,7.5,sacculifer,1,23.554766037679837,-0.09065628162808537
347,1.866730404854712,26.87456069018955,LGM,-5.0,-20.5,43.5,bulloides,2,26.008750128605392,-0.8658105615841585
348,2.0912673496667264,27.03189420988199,LGM,-5.0,-20.5,44.5,bulloides,2,26.30820812111039,-0.7236860887716006
349,2.713770489896923,27.497061349046025,LGM,-5.0,-20.5,47.5,bulloides,2,27.00932272040892,-0.4877386286371035
350,3.0086842648809853,27.698793111893583,LGM,-5.0,-20.5,52.5,bulloides,2,27.339782844302764,-0.35901026759081844
351,3.2151511297101645,27.698793111893583,LGM,-5.0,-20.5,52.5,pachy_s,4,27.067795402650376,-0.6309977092432071
352,3.2632934808509098,27.76271384806325,LGM,-5.0,-20.5,53.5,pachy_s,4,27.099847712879757,-0.6628661351834921
353,3.324961577158846,27.90571413509833,LGM,-5.0,-20.5,55.5,pachy_d,3,27.671428675405103,-0.23428545969322556
354,4.747141788569689,26.140168487177117,LGM,-5.0,-20.5,68.5,pachy_s,4,27.496487608206348,1.3563191210292302
355,-0.07166000553433022,23.608079107956613,LGM,-5.0,-19.5,2.5,ruber,0,23.423994316201885,-0.18408479175472792
356,-0.19501505617323123,23.608079107956613,LGM,-5.0,-19.5,2.5,sacculifer,1,23.438521643655424,-0.1695574643011888
357,2.982189090558271,27.67518573543039,LGM,-5.0,-19.5,51.5,bulloides,2,27.331825434182406,-0.34336030124798356
358,3.1420969416975315,27.67518573543039,LGM,-5.0,-19.5,51.5,pachy_s,4,27.055139213831687,-0.6200465215987023
359,3.223549472886092,27.761749592258635,LGM,-5.0,-19.5,53.5,pachy_s,4,27.088749767506112,-0.6729998247525231
360,4.762803615138518,26.186209744855095,LGM,-5.0,-19.5,69.5,pachy_s,4,27.4786241173897,1.292414372534605
361,-0.5649447548489339,23.058128732799116,LGM,-5.0,-18.5,-15.5,sacculifer,1,22.79032718328678,-0.2678015495123347
362,1.0890909806310134,26.47914595579293,LGM,-5.0,-18.5,27.5,ruber,0,25.643057809231085,-0.8360881465618455
363,4.576067218345417,26.1839327463536,LGM,-5.0,-18.5,67.5,pachy_s,4,27.42654759970617,1.242614853352567
364,4.736994055840334,26.19531109407104,LGM,-5.0,-18.5,69.5,pachy_s,4,27.468876561116232,1.2735654670451915
365,4.750645543609918,26.249851786644687,LGM,-5.0,-18.5,70.5,pachy_s,4,27.470625781384438,1.2207739947397513
366,-0.36449010374659363,23.09389852507302,LGM,-5.0,-17.5,-15.5,ruber,0,22.85327996757075,-0.24061855750226968
367,-0.5432910620472515,23.09389852507302,LGM,-5.0,-17.5,-15.5,sacculifer,1,22.83761148145273,-0.25628704362029
368,0.21573951592048055,24.078745003087242,LGM,-5.0,-17.5,-0.5,ruber,0,23.97461320102349,-0.10413180206375117
369,2.9195146115576533,27.681315410340943,LGM,-5.0,-17.5,50.5,pachy_d,3,27.261614753587367,-0.4197006567535766
370,2.9404162682412505,27.69086786846491,LGM,-5.0,-17.5,51.5,pachy_d,3,27.286712421544074,-0.4041554469208357
371,4.715366626806987,26.24357357920821,LGM,-5.0,-17.5,69.5,pachy_s,4,27.485250520821822,1.241676941613612
372,4.737168639287824,26.286019708783265,LGM,-5.0,-17.5,70.5,pachy_s,4,27.469568838886097,1.1835491301028327
373,3.0010741023378005,27.794307652670685,LGM,-5.0,-16.5,54.5,bulloides,2,27.345068843671687,-0.4492388089989987
374,3.0017489954080006,27.794307652670685,LGM,-5.0,-16.5,54.5,pachy_d,3,27.352068097369045,-0.44223955530164005
375,4.731363345790842,26.351288341988926,LGM,-5.0,-16.5,70.5,pachy_s,4,27.481901695404833,1.1306133534159066
376,2.7599483539716263,26.680734714295166,LGM,-5.0,-15.5,-46.5,bulloides,2,27.052668682933422,0.3719339686382561
377,3.6589219989723323,26.680734714295166,LGM,-5.0,-15.5,-46.5,pachy_s,4,27.18566575502185,0.5049310407266852
378,0.8167692947321096,24.935258023587597,LGM,-5.0,-15.5,-24.5,ruber,0,25.12454805326595,0.18929002967835373
379,-0.031592199377702974,23.54445318967816,LGM,-5.0,-15.5,-17.5,ruber,0,23.495704544644465,-0.048748645033693805
380,-0.5122118177849707,22.90332167699748,LGM,-5.0,-15.5,-5.5,ruber,0,22.575700769427858,-0.3276209075696208
381,-0.27665364065725795,23.25102408211115,LGM,-5.0,-15.5,-4.5,ruber,0,23.043025934188982,-0.20799814792216864
382,1.6811963058938746,26.517837288920624,LGM,-5.0,-15.5,27.5,bulloides,2,25.82819690785605,-0.6896403810645744
383,1.0696335451562977,26.517837288920624,LGM,-5.0,-15.5,27.5,ruber,0,25.602711503220377,-0.9151257857002477
384,1.153173432336839,26.517837288920624,LGM,-5.0,-15.5,27.5,sacculifer,1,25.7921731977939,-0.725664091126724
385,1.6215519886221073,26.45127835015083,LGM,-5.0,-15.5,29.5,bulloides,2,25.761936672299864,-0.6893416778509653
386,4.698926590008441,26.456119540831814,LGM,-5.0,-15.5,71.5,pachy_s,4,27.464026737332887,1.0079071965010726
387,4.124505258805258,27.02954900133025,LGM,-5.0,-14.5,-50.5,pachy_s,4,27.322886353287277,0.29333735195702815
388,2.6113877122184634,26.441644624230648,LGM,-5.0,-14.5,-44.5,bulloides,2,26.88090031733244,0.43925569310179213
389,3.33127995787164,26.441644624230648,LGM,-5.0,-14.5,-44.5,pachy_s,4,27.101027268453592,0.6593826442229442
390,2.0317539907367537,25.750472518307536,LGM,-5.0,-14.5,-41.5,bulloides,2,26.23591129040531,0.48543877209777264
391,1.911803359869916,25.750472518307536,LGM,-5.0,-14.5,-41.5,pachy_d,3,26.196125813579236,0.4456532952717005
392,0.8394253386854013,24.979848378762853,LGM,-5.0,-14.5,-24.5,ruber,0,25.16772093687633,0.18787255811347592
393,-0.2882328920926582,23.20351253604795,LGM,-5.0,-14.5,-15.5,ruber,0,23.000849932228757,-0.2026626038191921
394,-0.5813690108737908,22.968493221751473,LGM,-5.0,-14.5,-8.5,ruber,0,22.44066765636762,-0.5278255653838535
395,-0.030610401884024953,23.61421525466332,LGM,-5.0,-14.5,-3.5,ruber,0,23.502933214042248,-0.11128204062107372
396,-0.16602011878577394,23.61421525466332,LGM,-5.0,-14.5,-3.5,sacculifer,1,23.4869226290211,-0.12729262564221955
397,2.977943978829092,27.81896367620042,LGM,-5.0,-14.5,55.5,bulloides,2,27.309199248541088,-0.5097644276593307
398,2.965723785608176,27.81896367620042,LGM,-5.0,-14.5,55.5,pachy_d,3,27.29138737063738,-0.5275763055630378
399,3.7370741723636027,28.14149866438325,LGM,-5.0,-14.5,62.5,pachy_s,4,27.203819722629987,-0.937678941753262
400,4.666303623100012,26.502473275193896,LGM,-5.0,-14.5,69.5,pachy_s,4,27.445096343316692,0.9426230681227956
401,4.702343968705756,26.506254020451713,LGM,-5.0,-14.5,71.5,pachy_s,4,27.462007347527848,0.9557533270761347
402,4.632442373581215,26.560285387494076,LGM,-5.0,-14.5,72.5,pachy_s,4,27.454678292024962,0.8943929045308856
403,-0.49332639391861866,22.97441921510994,LGM,-5.0,-13.5,-12.5,ruber,0,22.609467560690867,-0.3649516544190732
404,-0.5546919176948139,22.95490377882938,LGM,-5.0,-13.5,-10.5,ruber,0,22.49873257161705,-0.4561712072123285
405,-0.01792526817438161,23.63049830472024,LGM,-5.0,-13.5,-3.5,ruber,0,23.520949993595462,-0.10954831112477947
406,-0.15524017528823114,23.63049830472024,LGM,-5.0,-13.5,-3.5,sacculifer,1,23.503930030989768,-0.12656827373047363
407,0.2789864213772996,24.203636097646065,LGM,-5.0,-13.5,0.5,ruber,0,24.098985050348787,-0.1046510472972777
408,1.183360769762008,26.602689538834007,LGM,-5.0,-13.5,33.5,ruber,0,25.832917898091416,-0.7697716407425901
409,3.8051358411432,27.996957473888898,LGM,-5.0,-13.5,63.5,pachy_s,4,27.227792758950294,-0.7691647149386043
410,4.537223396354552,26.671353602889912,LGM,-5.0,-13.5,68.5,pachy_s,4,27.432703727572047,0.761350124682135
411,4.655404109528613,26.58315456187329,LGM,-5.0,-13.5,69.5,pachy_s,4,27.452750277604213,0.8695957157309238
412,4.721005506355671,26.547490451412852,LGM,-5.0,-13.5,70.5,pachy_s,4,27.462471594244878,0.9149811428320263
413,4.644723419370597,26.60140987976245,LGM,-5.0,-13.5,72.5,pachy_s,4,27.454521335529222,0.853111455766772
414,4.03222276534004,26.96439359852751,LGM,-5.0,-12.5,-49.5,pachy_s,4,27.314712558894165,0.35031896036665344
415,1.9106815538925832,25.65587731613119,LGM,-5.0,-12.5,-41.5,bulloides,2,26.09330940025029,0.43743208411910217
416,0.9316356247863288,25.098699250457194,LGM,-5.0,-12.5,-25.5,ruber,0,25.345274981040244,0.24657573058305005
417,0.5250598446117423,24.572259359837673,LGM,-5.0,-12.5,-20.5,ruber,0,24.562283286805123,-0.009976073032550659
418,0.41794660111656723,24.572259359837673,LGM,-5.0,-12.5,-20.5,sacculifer,1,24.506053711081478,-0.0662056487561955
419,-0.5264131764654121,22.97061510209038,LGM,-5.0,-12.5,-10.5,ruber,0,22.55473686218443,-0.4158782399059504
420,-0.005240134464738271,23.646781354777165,LGM,-5.0,-12.5,-3.5,ruber,0,23.543690078642683,-0.10309127613448155
421,-0.14446023179068837,23.646781354777165,LGM,-5.0,-12.5,-3.5,sacculifer,1,23.527197999107475,-0.1195833556696897
422,0.23437775080430476,24.065883950668052,LGM,-5.0,-12.5,-1.5,ruber,0,24.010361187324428,-0.055522763343624604
423,0.13463508198644789,24.065883950668052,LGM,-5.0,-12.5,-1.5,sacculifer,1,24.0179316836441,-0.04795226702395183
424,1.6495015847061383,26.583759043513883,LGM,-5.0,-12.5,33.5,bulloides,2,25.789231572113216,-0.7945274714006665
425,1.1604989391909417,26.583759043513883,LGM,-5.0,-12.5,33.5,ruber,0,25.79069454311551,-0.7930645003983727
426,1.2587691477224152,26.583759043513883,LGM,-5.0,-12.5,33.5,sacculifer,1,25.973072201564598,-0.6106868419492848
427,3.3253455657088797,28.051933481116173,LGM,-5.0,-12.5,60.5,pachy_d,3,27.680671278481924,-0.3712622026342487
428,3.3985177305157634,28.051933481116173,LGM,-5.0,-12.5,60.5,pachy_s,4,27.11153933846822,-0.9403941426479534
429,3.875291031055168,27.826931129194776,LGM,-5.0,-12.5,64.5,pachy_s,4,27.249314567557622,-0.5776165616371536
430,4.644504595957213,26.663835848552687,LGM,-5.0,-12.5,69.5,pachy_s,4,27.44978993649084,0.7859540879381548
431,4.719905573562539,26.613023224489808,LGM,-5.0,-12.5,70.5,pachy_s,4,27.47900537888729,0.8659821543974822
432,4.657004465159978,26.642534372030823,LGM,-5.0,-12.5,72.5,pachy_s,4,27.44463468943929,0.8021003174084669
433,3.8837087856990657,26.824566216442346,LGM,-5.0,-11.5,-48.5,pachy_s,4,27.276005233203424,0.45143901676107845
434,0.42155575989511285,24.39962653167994,LGM,-5.0,-11.5,-19.5,ruber,0,24.355727946080588,-0.04389858559935078
435,-0.1882068049960416,23.386029846182744,LGM,-5.0,-11.5,-15.5,ruber,0,23.19467662202338,-0.1913532241593643
436,-0.36713841071897013,23.386029846182744,LGM,-5.0,-11.5,-15.5,sacculifer,1,23.145594126247563,-0.24043571993518142
437,-0.4538643635482909,22.913330580736957,LGM,-5.0,-11.5,-5.5,ruber,0,22.685879642753182,-0.22745093798377525
438,-0.6295541863770538,22.913330580736957,LGM,-5.0,-11.5,-5.5,sacculifer,1,22.68493545391604,-0.22839512682091723
439,0.12252898289699934,23.854181580738196,LGM,-5.0,-11.5,-2.5,ruber,0,23.796765312614685,-0.05741626812351086
440,0.2402598541334025,24.063023463138126,LGM,-5.0,-11.5,-1.5,ruber,0,24.010947009858306,-0.052076453279820356
441,0.14235767984356998,24.063023463138126,LGM,-5.0,-11.5,-1.5,sacculifer,1,24.03711128214468,-0.02591218099344772
442,2.9830409684660726,27.866949639082744,LGM,-5.0,-11.5,56.5,pachy_d,3,27.331874099871634,-0.5350755392111104
443,4.262518835023355,27.096647472890258,LGM,-5.0,-11.5,67.5,pachy_s,4,27.353739325921115,0.25709185303085746
444,4.497281187961448,26.87212026593529,LGM,-5.0,-11.5,68.5,pachy_s,4,27.416082362035773,0.5439620961004827
445,-0.13839190480346208,23.425645413663283,LGM,-5.0,-10.5,-15.5,ruber,0,23.30375156834183,-0.12189384532145198
446,-0.31699628511953704,23.425645413663283,LGM,-5.0,-10.5,-15.5,sacculifer,1,23.22823054049383,-0.1974148731694534
447,-0.4905220416254838,23.009486529296616,LGM,-5.0,-10.5,-9.5,ruber,0,22.608728012832653,-0.4007585164639629
448,-0.4932967479751763,22.98896075606955,LGM,-5.0,-10.5,-8.5,ruber,0,22.625072564552315,-0.3638881915172334
449,-0.43763247358172785,22.891176308113756,LGM,-5.0,-10.5,-5.5,ruber,0,22.72197136611551,-0.16920494199824532
450,-0.6274531807687997,22.891176308113756,LGM,-5.0,-10.5,-5.5,sacculifer,1,22.690836973745768,-0.2003393343679889
451,-0.21260024827459859,23.25877233741905,LGM,-5.0,-10.5,-4.5,ruber,0,23.166428905681276,-0.09234343173777404
452,-0.3793577609906284,23.25877233741905,LGM,-5.0,-10.5,-4.5,sacculifer,1,23.124643592757444,-0.13412874466160574
453,0.01060166737057069,23.623725196363964,LGM,-5.0,-10.5,-3.5,ruber,0,23.58109522407039,-0.042629972293575236
454,0.12703551940149238,23.834493117620212,LGM,-5.0,-10.5,-2.5,ruber,0,23.81176975918123,-0.022723358438980767
455,0.007809349653110059,23.834493117620212,LGM,-5.0,-10.5,-2.5,sacculifer,1,23.783102058357866,-0.05139105926234677
456,0.24295231710349416,24.044442263382685,LGM,-5.0,-10.5,-1.5,ruber,0,24.01202690751372,-0.03241535586896305
457,0.1480462869535615,24.044442263382685,LGM,-5.0,-10.5,-1.5,sacculifer,1,24.033625490229984,-0.010816773152701131
458,0.2673504985868934,24.109468146746337,LGM,-5.0,-10.5,-0.5,ruber,0,24.06962648045599,-0.03984166629034647
459,0.17468874901533166,24.109468146746337,LGM,-5.0,-10.5,-0.5,sacculifer,1,24.085029585894095,-0.02443856085224283
460,0.10961645126717112,23.80103918945713,LGM,-5.0,-10.5,1.5,ruber,0,23.75326272783684,-0.04777646162028759
461,1.1881943504903574,26.570715891687296,LGM,-5.0,-10.5,34.5,ruber,0,25.826686168737215,-0.7440297229500814
462,1.2799266819847366,26.570715891687296,LGM,-5.0,-10.5,34.5,sacculifer,1,26.013644168565126,-0.5570717231221707
463,1.7843092183827032,26.734724762238113,LGM,-5.0,-10.5,37.5,bulloides,2,25.946004002240578,-0.7887207599975348
464,3.0312367544493872,27.908498273667472,LGM,-5.0,-10.5,57.5,bulloides,2,27.384317214529244,-0.524181059138229
465,3.0362814195329264,27.908498273667472,LGM,-5.0,-10.5,57.5,pachy_d,3,27.37997493314764,-0.5285233405198326
466,3.0934077448019113,27.951290183622813,LGM,-5.0,-10.5,58.5,bulloides,2,27.455318354657468,-0.4959718289653452
467,3.103015201384796,27.951290183622813,LGM,-5.0,-10.5,58.5,pachy_d,3,27.458205654300745,-0.4930845293220685
468,3.182157569091415,27.991885358235287,LGM,-5.0,-10.5,59.5,pachy_d,3,27.538931792660414,-0.4529535655748731
469,3.8142901029666727,27.898392680729458,LGM,-5.0,-10.5,64.5,pachy_s,4,27.24588569325031,-0.6525069874791463
470,4.047362450780818,27.450426309196008,LGM,-5.0,-10.5,66.5,pachy_s,4,27.278460690694537,-0.17196561850147063
471,4.490297045121651,26.96844588422876,LGM,-5.0,-10.5,68.5,pachy_s,4,27.42690641663759,0.45846053240882867
472,4.726657282040774,26.741326700733616,LGM,-5.0,-10.5,70.5,pachy_s,4,27.470928363831117,0.7296016630975011
473,4.694874386547663,26.72329758601443,LGM,-5.0,-10.5,72.5,pachy_s,4,27.470465302388106,0.7471677163736778
474,-0.08857700461088257,23.465260981143825,LGM,-5.0,-9.5,-15.5,ruber,0,23.389282871355064,-0.0759781097887604
475,-0.2668541595201039,23.465260981143825,LGM,-5.0,-9.5,-15.5,sacculifer,1,23.312716428627773,-0.15254455251605137
476,-0.47600096310150664,22.963253357134903,LGM,-5.0,-9.5,-7.5,ruber,0,22.64194472064244,-0.3213086364924642
477,-0.4214005836151648,22.869022035490556,LGM,-5.0,-9.5,-5.5,ruber,0,22.750791035089026,-0.11823100040152923
478,0.13154205590598544,23.814804654502232,LGM,-5.0,-9.5,-2.5,ruber,0,23.805522399001834,-0.009282255500398406
479,0.01265623739589497,23.814804654502232,LGM,-5.0,-9.5,-2.5,sacculifer,1,23.798970390188924,-0.01583426431330892
480,0.27039077505469356,24.091511151290113,LGM,-5.0,-9.5,-0.5,ruber,0,24.062584245784763,-0.02892690550535093
481,0.29513677003580135,24.157161238952988,LGM,-5.0,-9.5,0.5,ruber,0,24.12216333478973,-0.03499790416325865
482,3.1707270964563907,27.989238645818475,LGM,-5.0,-9.5,59.5,pachy_d,3,27.505155526959182,-0.4840831188592922
483,4.228998963171327,27.320344248176372,LGM,-5.0,-9.5,67.5,pachy_s,4,27.346958032512028,0.02661378433565531
484,4.638723311921518,26.904675192441488,LGM,-5.0,-9.5,69.5,pachy_s,4,27.4508744274806,0.5461992350391114
485,4.716027318876327,26.763431564580706,LGM,-5.0,-9.5,72.5,pachy_s,4,27.46943323859089,0.7060016740101851
486,4.508278177215171,26.74182875381706,LGM,-5.0,-9.5,73.5,pachy_s,4,27.40048063246173,0.6586518786446689
487,4.011268042319313,26.949151637507203,LGM,-5.0,-8.5,-49.5,pachy_s,4,27.277014369614605,0.3278627321074019
488,0.7960047505143847,24.980930406750964,LGM,-5.0,-8.5,-21.5,ruber,0,25.098972823786777,0.11804241703581297
489,-0.39720666147872286,22.863934105165846,LGM,-5.0,-8.5,-5.5,ruber,0,22.801125986085104,-0.06280811908074213
490,-0.6112988149778439,22.863934105165846,LGM,-5.0,-8.5,-5.5,sacculifer,1,22.71413833360966,-0.1497957715561853
491,2.6173149107554785,27.442269764398574,LGM,-5.0,-8.5,47.5,bulloides,2,26.906252593077923,-0.5360171713206512
492,3.871165626208878,27.83533051824631,LGM,-5.0,-8.5,65.5,pachy_s,4,27.235796329151903,-0.5995341890944061
493,4.2254707036293695,27.441170987379753,LGM,-5.0,-8.5,67.5,pachy_s,4,27.353035439594468,-0.08813554778528498
494,4.647699051285147,27.017524000865816,LGM,-5.0,-8.5,69.5,pachy_s,4,27.45218183248055,0.4346578316147358
495,4.763099962550612,26.840489409227708,LGM,-5.0,-8.5,71.5,pachy_s,4,27.47182148639737,0.6313320771696631
496,4.154285915737045,27.056783429405936,LGM,-5.0,-7.5,-50.5,pachy_s,4,27.31241046754227,0.25562703813633547
497,-0.40578732198343553,22.920119818141913,LGM,-5.0,-7.5,-6.5,ruber,0,22.77236145254257,-0.1477583655993442
498,0.04020799981045298,23.57178101538052,LGM,-5.0,-7.5,-3.5,ruber,0,23.647122085343025,0.075341069962505
499,-0.09918322684711402,23.57178101538052,LGM,-5.0,-7.5,-3.5,sacculifer,1,23.611183441214827,0.03940242583430731
500,3.268006645434397,28.037268888378296,LGM,-5.0,-7.5,60.5,pachy_d,3,27.62941999799481,-0.4078488903834874
501,3.411943965118025,28.037268888378296,LGM,-5.0,-7.5,60.5,pachy_s,4,27.125212136380572,-0.9120567519977243
502,3.7212742343961214,28.01881407036718,LGM,-5.0,-7.5,64.5,pachy_s,4,27.21211065938576,-0.8067034109814202
503,3.8520806937910357,27.911366982169614,LGM,-5.0,-7.5,65.5,pachy_s,4,27.25195885609273,-0.6594081260768831
504,4.23517412047147,27.57097607814345,LGM,-5.0,-7.5,67.5,pachy_s,4,27.356531111993675,-0.21444496614977382
505,4.770304570650921,26.87895612930383,LGM,-5.0,-7.5,72.5,pachy_s,4,27.47595023985207,0.5969941105482413
506,4.546151390288795,27.246382200770906,LGM,-5.0,-6.5,-53.5,pachy_s,4,27.423880349754832,0.17749814898392557
507,3.9614555309604653,26.936143233080625,LGM,-5.0,-6.5,-49.5,pachy_s,4,27.265028455530633,0.3288852224500083
508,2.157818509435742,25.936791463440844,LGM,-5.0,-6.5,-42.5,bulloides,2,26.384638744120515,0.44784728067967094
509,3.6909560299230484,28.064332400673496,LGM,-5.0,-6.5,64.5,pachy_s,4,27.191456951642312,-0.8728754490311843
510,3.8329957613731933,27.98740344609292,LGM,-5.0,-6.5,65.5,pachy_s,4,27.232334281008637,-0.7550691650842829
511,4.24487753731357,27.70078116890715,LGM,-5.0,-6.5,67.5,pachy_s,4,27.357226950454624,-0.34355421845252465
512,4.683867230539661,27.308520274123858,LGM,-5.0,-6.5,69.5,pachy_s,4,27.45056379519529,0.14204352107143237
513,4.762253642526199,27.16147429414605,LGM,-5.0,-6.5,70.5,pachy_s,4,27.499864448245145,0.3383901540990948
514,4.29894603930372,27.146342915181734,LGM,-5.0,-5.5,-51.5,pachy_s,4,27.358019505439582,0.21167659025784857
515,3.1000370270047095,26.742940554544976,LGM,-5.0,-5.5,-48.5,pachy_d,3,27.450178504274053,0.7072379497290768
516,3.7407621745734674,26.742940554544976,LGM,-5.0,-5.5,-48.5,pachy_s,4,27.21395084642376,0.47101029187878396
517,2.6767474007784093,26.54517752098259,LGM,-5.0,-5.5,-46.5,bulloides,2,26.969672710912214,0.42449518992962254
518,3.3772739693661187,26.54517752098259,LGM,-5.0,-5.5,-46.5,pachy_s,4,27.109177020036853,0.5639994990542618
519,0.14491124337649963,23.844539432711446,LGM,-5.0,-5.5,-16.5,ruber,0,23.835574447723378,-0.008964984988068636
520,4.773969297080512,27.300046797618073,LGM,-5.0,-5.5,70.5,pachy_s,4,27.491933729372686,0.19188693175461324
521,4.5490358175512124,27.23772882232289,LGM,-5.0,-4.5,-53.5,pachy_s,4,27.42747197101055,0.1897431486876613
522,2.4539047809286476,26.204145756610195,LGM,-5.0,-4.5,-43.5,bulloides,2,26.7148654488632,0.5107196922530051
523,3.827441271789917,28.143061212919925,LGM,-5.0,-4.5,65.5,pachy_s,4,27.238103164425265,-0.9049580484946596
524,4.277779217538893,27.979792621574358,LGM,-5.0,-4.5,67.5,pachy_s,4,27.35859645208363,-0.6211961694907266
525,4.72312188747875,27.618812190132772,LGM,-5.0,-4.5,69.5,pachy_s,4,27.44994961266394,-0.1688625774688326
526,4.2544311641314705,26.849090331793672,LGM,-5.0,-4.5,75.5,pachy_s,4,27.348609959995223,0.4995196282015506
527,4.275032856943886,27.127614097581702,LGM,-5.0,-3.5,-51.5,pachy_s,4,27.348166309017408,0.2205522114357059
528,4.091894399187417,27.02790298842771,LGM,-5.0,-3.5,-50.5,pachy_s,4,27.315335598059534,0.28743260963182493
529,3.521652520590877,28.16257127818754,LGM,-5.0,-3.5,61.5,pachy_d,3,27.888968961515793,-0.27360231667174517
530,3.5479894854280984,28.16257127818754,LGM,-5.0,-3.5,61.5,pachy_s,4,27.146698304577843,-1.0158729736096959
531,3.5775157408563345,28.1828470431187,LGM,-5.0,-3.5,62.5,pachy_s,4,27.173493963205832,-1.0093530799128665
532,3.8300999228736807,28.221487569496823,LGM,-5.0,-3.5,65.5,pachy_s,4,27.249443536920506,-0.9720440325763171
533,4.743263628895724,27.77717408859571,LGM,-5.0,-3.5,69.5,pachy_s,4,27.448181405673818,-0.32899268292189277
534,4.798196166809268,27.594648408540493,LGM,-5.0,-3.5,70.5,pachy_s,4,27.49639738429817,-0.09825102424232313
535,4.827333545107638,27.433497133874795,LGM,-5.0,-3.5,71.5,pachy_s,4,27.49227599724258,0.058778863367784595
536,2.7378966530829922,26.698526252380894,LGM,-5.0,-3.5,78.5,pachy_s,4,26.946361864358803,0.2478356119779086
537,3.694073045386947,26.716332384964037,LGM,-5.0,-2.5,-48.5,pachy_s,4,27.20510407888649,0.4887716939224518
538,3.6238316112168456,28.200261685080136,LGM,-5.0,-2.5,61.5,pachy_s,4,27.1825928409769,-1.0176688441032375
539,3.646363830766199,28.219042431309546,LGM,-5.0,-2.5,62.5,pachy_s,4,27.18041600280767,-1.0386264285018747
540,3.8505317074848553,28.27017539326052,LGM,-5.0,-2.5,65.5,pachy_s,4,27.23918548033042,-1.0309899129300995
541,4.056811974035299,28.298186774268355,LGM,-5.0,-2.5,66.5,pachy_s,4,27.285272618405685,-1.0129141558626706
542,4.808541578065529,27.735381415873995,LGM,-5.0,-2.5,70.5,pachy_s,4,27.497945273284408,-0.237436142589587
543,-0.25444826900480155,22.6958219450881,LGM,-5.0,-1.5,-5.5,ruber,0,23.064226193813695,0.3684042487255965
544,-0.4277545056883324,22.6958219450881,LGM,-5.0,-1.5,-5.5,sacculifer,1,23.03076676729632,0.33494482220822164
545,4.771321655651709,27.2115392178199,LGM,-5.0,-1.5,74.5,pachy_s,4,27.4692784565728,0.2577392387528974
546,2.6356131607593736,26.653072258349756,LGM,-5.0,-1.5,79.5,pachy_s,4,26.909782184700077,0.25670992635032164
547,3.866827928487149,28.288494420894107,LGM,-5.0,-0.5,62.5,pachy_s,4,27.247292078704078,-1.0412023421900294
548,3.848024883416777,28.288809952450272,LGM,-5.0,-0.5,63.5,pachy_s,4,27.252737726166888,-1.036072226283384
549,3.814477302841633,28.282578048777196,LGM,-5.0,-0.5,64.5,pachy_s,4,27.22356835229527,-1.059009696481926
550,3.9269415437620263,28.30807397516149,LGM,-5.0,-0.5,65.5,pachy_s,4,27.26598716294919,-1.0420868122123004
551,4.123394885542677,28.3518204232602,LGM,-5.0,-0.5,66.5,pachy_s,4,27.308833418477413,-1.0429870047827876
552,4.624955585327013,28.318393397400033,LGM,-5.0,-0.5,68.5,pachy_s,4,27.437578019430404,-0.880815377969629
553,4.764515278725653,28.191492097943257,LGM,-5.0,-0.5,69.5,pachy_s,4,27.478510739205856,-0.7129813587374016
554,4.825696353361817,28.003711834285586,LGM,-5.0,-0.5,70.5,pachy_s,4,27.49976502837759,-0.5039468059079972
555,4.883298775337263,27.655214996825375,LGM,-5.0,-0.5,72.5,pachy_s,4,27.5023681049055,-0.1528468919198751
556,4.855911014466311,27.48744061291675,LGM,-5.0,-0.5,73.5,pachy_s,4,27.49862701612212,0.011186403205371676
557,4.795066721390523,27.321823513626384,LGM,-5.0,-0.5,74.5,pachy_s,4,27.47306627841308,0.1512427647866943
558,2.72275072069807,26.66216795517013,LGM,-5.0,-0.5,79.5,pachy_s,4,26.9523663869928,0.29019843182267024
559,3.89467643936697,26.902336147317694,LGM,-5.0,0.5,-49.5,pachy_s,4,27.251936068646238,0.3495999213285437
560,2.7064147476155442,26.568471474348765,LGM,-5.0,0.5,-47.5,bulloides,2,26.994724294945147,0.4262528205963818
561,3.538253658421656,26.568471474348765,LGM,-5.0,0.5,-47.5,pachy_s,4,27.170775231726555,0.6023037573777899
562,2.6743260005998875,26.544768143316478,LGM,-5.0,0.5,-46.5,bulloides,2,26.96560401901767,0.4208358757011901
563,2.26647136775253,25.97038913233356,LGM,-5.0,0.5,-41.5,bulloides,2,26.486779719157195,0.5163905868236363
564,2.1381056072325677,25.97038913233356,LGM,-5.0,0.5,-41.5,pachy_d,3,26.43062114457309,0.46023201223953336
565,3.0046391362806495,25.97038913233356,LGM,-5.0,0.5,-41.5,pachy_s,4,27.022479322454558,1.0520901901209996
566,-0.3205607796722605,22.75769724916171,LGM,-5.0,0.5,-6.5,ruber,0,22.93959883022039,0.18190158105868193
567,-0.47243581874576845,22.75769724916171,LGM,-5.0,0.5,-6.5,sacculifer,1,22.949527493598247,0.19183024443653807
568,3.9057053290931862,28.307491899903397,LGM,-5.0,0.5,63.5,pachy_s,4,27.2559710520489,-1.0515208478544977
569,4.622180877007147,28.38149357576148,LGM,-5.0,0.5,68.5,pachy_s,4,27.436374231682965,-0.9451193440785133
570,4.512516102644307,27.238868718086405,LGM,-5.0,0.5,75.5,pachy_s,4,27.417819066265405,0.17895034817900068
571,2.644096253304508,26.50531947168648,LGM,-5.0,1.5,-45.5,bulloides,2,26.950974775041935,0.4456553033554549
572,3.4192391494132948,26.50531947168648,LGM,-5.0,1.5,-45.5,pachy_s,4,27.125420836152806,0.6201013644663256
573,2.5839806855057867,26.416830923047097,LGM,-5.0,1.5,-44.5,bulloides,2,26.869969690568766,0.4531387675216685
574,1.4589947258959932,26.03738983933284,LGM,-5.0,1.5,-28.5,sacculifer,1,26.32887297903256,0.2914831396997215
575,3.966020764252327,28.320503831482846,LGM,-5.0,1.5,62.5,pachy_s,4,27.2769539685216,-1.043549862961246
576,3.934701594893492,28.317584537212774,LGM,-5.0,1.5,63.5,pachy_s,4,27.256641065099767,-1.0609434721130064
577,4.1755269819131815,28.382293378204267,LGM,-5.0,1.5,66.5,pachy_s,4,27.32589458828145,-1.0563987899228167
578,4.385683679047914,28.398357934207098,LGM,-5.0,1.5,67.5,pachy_s,4,27.398321749011735,-1.0000361851953627
579,4.608990361570651,28.39379168432463,LGM,-5.0,1.5,68.5,pachy_s,4,27.4450089870788,-0.9487826972458286
580,4.883353463098325,28.034000233874885,LGM,-5.0,1.5,71.5,pachy_s,4,27.5212392467269,-0.5127609871479848
581,4.521239051938712,27.33161691920705,LGM,-5.0,1.5,75.5,pachy_s,4,27.422012860561694,0.09039594135464313
582,3.1871236939003906,26.791293355991673,LGM,-5.0,1.5,78.5,pachy_s,4,27.065003071881137,0.27370971588946347
583,3.9954053051422873,28.330268106944576,LGM,-5.0,2.5,62.5,pachy_s,4,27.268044629723754,-1.0622234772208223
584,3.9636978606937974,28.327677174522155,LGM,-5.0,2.5,63.5,pachy_s,4,27.259280062799316,-1.0683971117228381
585,4.1991845609089555,28.39366974000167,LGM,-5.0,2.5,66.5,pachy_s,4,27.341491175293893,-1.052178564707777
586,4.394319042813183,28.41048456392969,LGM,-5.0,2.5,67.5,pachy_s,4,27.39472345205547,-1.0157611118742196
587,4.911633256649392,27.828230894655384,LGM,-5.0,2.5,73.5,pachy_s,4,27.522325527518653,-0.3059053671367309
588,2.9562761381795672,26.688035692872415,LGM,-5.0,2.5,79.5,pachy_s,4,27.01228603749085,0.3242503446184344
589,1.5889402533043693,26.12483596225681,LGM,-5.0,3.5,-30.5,sacculifer,1,26.540427560879063,0.41559159862225314
590,0.14650594190047342,23.983826758742925,LGM,-5.0,3.5,1.5,ruber,0,23.83449877098767,-0.14932798775525669
591,0.17719823826803127,23.983826758742925,LGM,-5.0,3.5,1.5,sacculifer,1,24.097581798505907,0.11375503976298162
592,4.040718251544452,28.353143184071634,LGM,-5.0,3.5,65.5,pachy_s,4,27.291828609540516,-1.0613145745311172
593,4.584506280373377,28.420770494584403,LGM,-5.0,3.5,68.5,pachy_s,4,27.44337866931066,-0.9773918252737417
594,4.719227020300969,28.372905234007188,LGM,-5.0,3.5,69.5,pachy_s,4,27.47548668826799,-0.8974185457391997
595,4.822140439484597,28.296937270593375,LGM,-5.0,3.5,70.5,pachy_s,4,27.50028125430785,-0.7966560162855245
596,4.207740896906932,27.103231127887927,LGM,-5.0,4.5,-51.5,pachy_s,4,27.347389508572903,0.24415838068497564
597,4.230807004028196,28.420397214732212,LGM,-5.0,4.5,66.5,pachy_s,4,27.327991174992945,-1.0924060397392665
598,4.575109664288317,28.43783378941449,LGM,-5.0,4.5,68.5,pachy_s,4,27.436720078518416,-1.0011137108960746
599,4.708335301729556,28.394155415182453,LGM,-5.0,4.5,69.5,pachy_s,4,27.463509742153924,-0.9306456730285291
600,3.334638285570295,26.88581488800763,LGM,-5.0,4.5,78.5,pachy_s,4,27.092356564921374,0.20654167691374425
601,2.8009982891588843,26.626793515976892,LGM,-5.0,4.5,80.5,pachy_s,4,26.96408321384331,0.33728969786641727
602,2.5879878678135313,26.456098802311054,LGM,-5.0,4.5,81.5,pachy_s,4,26.921573186213173,0.46547438390211937
603,4.0434436758137275,27.008616931818153,LGM,-5.0,5.5,-50.5,pachy_s,4,27.31159942616711,0.3029824943489565
604,2.5853111080173226,26.406294692537678,LGM,-5.0,5.5,-44.5,bulloides,2,26.845576811278402,0.4392821187407243
605,2.285346670412706,26.064788594958447,LGM,-5.0,5.5,-42.5,bulloides,2,26.514522806529488,0.449734211571041
606,1.2123288892944872,25.915082593282843,LGM,-5.0,5.5,-26.5,ruber,0,25.883234187018882,-0.03184840626396124
607,1.1833031593199324,25.915082593282843,LGM,-5.0,5.5,-26.5,sacculifer,1,25.849257657289797,-0.06582493599304584
608,1.1488036082943054,25.846334436443545,LGM,-5.0,5.5,-25.5,ruber,0,25.764275728901815,-0.08205870754173006
609,1.0657916015475373,25.733007976352027,LGM,-5.0,5.5,-24.5,ruber,0,25.608168718723512,-0.12483925762851555
610,1.0260991243787756,25.733007976352027,LGM,-5.0,5.5,-24.5,sacculifer,1,25.565721825637894,-0.16728615071413344
611,0.8185861035765205,25.388016938894584,LGM,-5.0,5.5,-22.5,ruber,0,25.12581353617982,-0.26220340271476417
612,0.7585027212315197,25.388016938894584,LGM,-5.0,5.5,-22.5,sacculifer,1,25.101831547783963,-0.2861853911106209
613,0.6629932541226752,25.163664739623634,LGM,-5.0,5.5,-21.5,ruber,0,24.834741495819568,-0.32892324380406635
614,0.5893523614902167,25.163664739623634,LGM,-5.0,5.5,-21.5,sacculifer,1,24.80077876783967,-0.36288597178396387
615,0.1289051978691063,23.8615522216882,LGM,-5.0,5.5,-2.5,ruber,0,23.813522240648226,-0.048029981039974246
616,0.23301589427935585,24.43825649253968,LGM,-5.0,5.5,0.5,ruber,0,24.005491565274035,-0.4327649272656444
617,0.12554322479871927,24.039319837358192,LGM,-5.0,5.5,2.5,ruber,0,23.80959932879765,-0.22972050856054338
618,4.4031490671346125,28.455016636789804,LGM,-5.0,5.5,67.5,pachy_s,4,27.36933685620735,-1.0856797805824527
619,4.960346797103098,28.102592394273856,LGM,-5.0,5.5,73.5,pachy_s,4,27.543795206753202,-0.5587971875206534
620,4.855172756885902,27.91291415162229,LGM,-5.0,5.5,74.5,pachy_s,4,27.511942432436875,-0.40097171918541363
621,2.6186211300073783,26.45694858529631,LGM,-5.0,5.5,81.5,pachy_s,4,26.916780749462617,0.4598321641663077
622,3.272807552494815,26.903459223720585,LGM,-5.0,6.5,-49.5,pachy_d,3,27.63612745629555,0.7326682325749658
623,3.9005730722647574,26.903459223720585,LGM,-5.0,6.5,-49.5,pachy_s,4,27.25996431694389,0.3565050932233049
624,3.7393519893926825,26.741341724679597,LGM,-5.0,6.5,-48.5,pachy_s,4,27.220733173728917,0.4793914490493201
625,0.9702684551865911,25.597454191158597,LGM,-5.0,6.5,-24.5,ruber,0,25.41188709367576,-0.1855670974828385
626,0.9254267251524838,25.597454191158597,LGM,-5.0,6.5,-24.5,sacculifer,1,25.389946325767742,-0.20750786539085553
627,0.6714122016780636,25.256280366402123,LGM,-5.0,6.5,-22.5,sacculifer,1,24.959458040737804,-0.2968223256643192
628,3.3784340217126716,26.959030505255175,LGM,-5.0,6.5,78.5,pachy_s,4,27.133622655003112,0.17459214974793724
629,3.0828593504273414,26.76848662086621,LGM,-5.0,6.5,79.5,pachy_s,4,27.029085925369955,0.2605993045037458
630,2.86058772886709,26.641339241179622,LGM,-5.0,6.5,80.5,pachy_s,4,26.981965998538126,0.34062675735850334
631,3.110443013673387,26.76021703174092,LGM,-5.0,7.5,-48.5,pachy_d,3,27.462666468443615,0.7024494367026968
632,3.774043189080733,26.76021703174092,LGM,-5.0,7.5,-48.5,pachy_s,4,27.22091865301185,0.46070162127093184
633,2.7956403613756486,26.63723637418998,LGM,-5.0,7.5,-47.5,bulloides,2,27.121060959055885,0.48382458486590707
634,2.971195401426134,26.63723637418998,LGM,-5.0,7.5,-47.5,pachy_d,3,27.323112395534622,0.6858760213446438
635,3.642720167530315,26.63723637418998,LGM,-5.0,7.5,-47.5,pachy_s,4,27.177274241264264,0.540037867074286
636,2.750698930724373,26.604965829897385,LGM,-5.0,7.5,-46.5,bulloides,2,27.057211843894436,0.4522460139970512
637,2.960036563473707,26.604965829897385,LGM,-5.0,7.5,-46.5,pachy_d,3,27.301407159813174,0.696441329915789
638,3.5784391654270316,26.604965829897385,LGM,-5.0,7.5,-46.5,pachy_s,4,27.165687995672755,0.5607221657753705
639,2.0394281969723087,25.85656130153888,LGM,-5.0,7.5,-41.5,bulloides,2,26.24999182866442,0.39343052712554183
640,0.7872701417966921,25.36270455438646,LGM,-5.0,7.5,-24.5,sacculifer,1,25.164727353451678,-0.19797720093478333
641,0.42860185563064707,24.85540561459728,LGM,-5.0,7.5,-21.5,sacculifer,1,24.52544966766063,-0.32995594693665
642,4.432700477498872,28.483470887331556,LGM,-5.0,7.5,67.5,pachy_s,4,27.405684150893837,-1.0777867364377194
643,3.0985330959272064,26.77858141429803,LGM,-5.0,7.5,79.5,pachy_s,4,27.05245640015835,0.2738749858603171
644,2.2212406840293313,26.05518262632608,LGM,-5.0,8.5,-42.5,bulloides,2,26.441441932332232,0.38625930600615277
645,2.16562773772902,26.05518262632608,LGM,-5.0,8.5,-42.5,pachy_d,3,26.459106083957057,0.40392345763097737
646,0.41515701237781444,24.662250354205238,LGM,-5.0,8.5,-21.5,ruber,0,24.35467540073699,-0.30757495346824726
647,0.3386558475912828,24.662250354205238,LGM,-5.0,8.5,-21.5,sacculifer,1,24.368954300902555,-0.29329605330268294
648,0.5993148154775075,24.430920072776036,LGM,-5.0,8.5,-20.5,bulloides,2,24.569314670998953,0.13839459822291644
649,0.29919679981814107,24.430920072776036,LGM,-5.0,8.5,-20.5,ruber,0,24.144101074551248,-0.2868189982247884
650,0.7527385958968151,24.430920072776036,LGM,-5.0,8.5,-20.5,pachy_d,3,24.96285598747508,0.5319359146990443
651,0.2055093115351709,24.430920072776036,LGM,-5.0,8.5,-20.5,sacculifer,1,24.142331595182263,-0.28858847759377326
652,-0.24554208293557184,23.028200983678072,LGM,-5.0,8.5,-6.5,ruber,0,23.085219295413616,0.05701831173554339
653,-0.2316048843942206,23.028200983678072,LGM,-5.0,8.5,-6.5,sacculifer,1,23.37824897092157,0.3500479872434994
654,4.451799772083207,28.49731121995955,LGM,-5.0,8.5,67.5,pachy_s,4,27.403164226863687,-1.0941469930958618
655,4.993331348429847,28.353515490689112,LGM,-5.0,8.5,72.5,pachy_s,4,27.53540926092117,-0.8181062297679418
656,3.4084454984638177,27.01598880035319,LGM,-5.0,8.5,78.5,pachy_s,4,27.12133735152373,0.1053485511705432
657,2.9069036843612377,26.631261516726433,LGM,-5.0,8.5,80.5,pachy_s,4,26.970161992980987,0.33890047625455466
658,2.7274352478581427,26.586272177628903,LGM,-5.0,9.5,-45.5,bulloides,2,27.036897827270117,0.4506256496412142
659,1.994061879439061,25.787418470675068,LGM,-5.0,9.5,-40.5,bulloides,2,26.185999627844417,0.3985811571693496
660,4.993528394059764,28.384531009664844,LGM,-5.0,9.5,72.5,pachy_s,4,27.52780332563478,-0.8567276840300657
661,4.972608887505484,28.295511653778615,LGM,-5.0,9.5,73.5,pachy_s,4,27.54753976163255,-0.7479718921460652
662,3.8387629968049928,27.37920833530562,LGM,-5.0,9.5,77.5,pachy_s,4,27.240604923538815,-0.13860341176680535
663,2.453599224543436,26.245121408627625,LGM,-5.0,11.5,-43.5,bulloides,2,26.71381314835354,0.4686917397259158
664,1.2536097256053975,25.86652171003079,LGM,-5.0,11.5,-29.5,sacculifer,1,25.965051157515195,0.09852944748440606
665,0.9383094700355099,25.432640707730503,LGM,-5.0,11.5,-26.5,sacculifer,1,25.418864861168046,-0.01377584656245645
666,4.812941765874016,28.532151535944024,LGM,-5.0,11.5,70.5,pachy_s,4,27.50632900722286,-1.0258225287211644
667,4.995886425732237,28.445009725995124,LGM,-5.0,11.5,72.5,pachy_s,4,27.544099834121425,-0.9009098918736989
668,4.584796421576693,28.027006026268126,LGM,-5.0,11.5,75.5,pachy_s,4,27.449243412273816,-0.5777626139943095
669,2.1119223038910473,25.91153066199307,LGM,-5.0,12.5,-42.5,bulloides,2,26.30205425489681,0.3905235929037403
670,1.968249016300926,25.605724364257604,LGM,-5.0,13.5,-41.5,bulloides,2,26.1525577046291,0.5468333403714958
671,1.9336120769298277,25.605724364257604,LGM,-5.0,13.5,-41.5,pachy_d,3,26.218752353775685,0.6130279895180806
672,2.000856252022962,25.590110805530564,LGM,-5.0,13.5,-40.5,bulloides,2,26.211737257361644,0.6216264518310801
673,1.9448074262235417,25.590110805530564,LGM,-5.0,13.5,-40.5,pachy_d,3,26.23900689632606,0.6488960907954961
674,4.995466705141123,28.487144380047067,LGM,-5.0,13.5,72.5,pachy_s,4,27.551953238864016,-0.9351911411830507
675,4.749561312478344,28.253353840467007,LGM,-5.0,13.5,74.5,pachy_s,4,27.46838450434835,-0.7849693361186567
676,2.124368625979184,25.69349770800561,LGM,-5.0,14.5,-37.5,bulloides,2,26.324209987943576,0.630712279937967
677,4.923759174968501,28.537657783536737,LGM,-5.0,14.5,71.5,pachy_s,4,27.51934439337484,-1.0183133901618966
678,4.994793886134968,28.50515436335998,LGM,-5.0,14.5,72.5,pachy_s,4,27.54713774821174,-0.9580166151482423
679,4.932061426688397,28.542538661844606,LGM,-5.0,15.5,71.5,pachy_s,4,27.523548400267654,-1.0189902615769526
680,2.6973723541646883,26.275578760559984,LGM,-5.0,15.5,81.5,pachy_s,4,26.943278530710735,0.667699770150751
681,1.4380727851524033,24.72629868224325,LGM,-5.0,25.5,-40.5,bulloides,2,25.555155339551668,0.8288566573084175
682,1.3389245859404515,24.72629868224325,LGM,-5.0,25.5,-40.5,pachy_d,3,25.585383462674262,0.8590847804310116
683,1.2209172420328556,24.72629868224325,LGM,-5.0,25.5,-40.5,sacculifer,1,25.90735423955378,1.181055557310529
684,-0.7444061611950735,21.49683945283405,LGM,-5.0,36.5,-20.5,ruber,0,22.124532411270437,0.6276929584363877
685,-1.4879876967359964,20.142405903256336,LGM,-5.0,39.5,-7.5,ruber,0,20.709845224803896,0.5674393215475604
686,-1.386430417192715,20.41786110914496,LGM,-5.0,40.5,-16.5,ruber,0,20.899747868970987,0.48188675982602547
687,-1.3928697161945327,20.39349993746571,LGM,-5.0,41.5,-16.5,ruber,0,20.881518698395993,0.4880187609302844
688,-0.7328515245650287,20.99278363422163,LGM,-5.0,44.5,11.5,ruber,0,22.15093338813404,1.158149753912408
689,-0.6730925893927862,21.09094275725998,LGM,-5.0,44.5,12.5,ruber,0,22.275324842999737,1.184382085739756
690,-0.6319318253068283,21.165392951799138,LGM,-5.0,46.5,12.5,ruber,0,22.346407863625867,1.181014911826729
691,2.3572431055749123,25.929626421809132,LGM,-5.0,51.5,-43.5,bulloides,2,26.613007096906962,0.6833806750978297
692,-0.06685521781402917,20.918211853559104,LGM,-5.0,51.5,10.5,bulloides,2,23.811384108992222,2.893172255433118
693,-0.7799271963661608,20.918211853559104,LGM,-5.0,51.5,10.5,ruber,0,22.06616918482811,1.147957331269005
694,-0.895357573692803,20.918211853559104,LGM,-5.0,51.5,10.5,sacculifer,1,22.223299572273312,1.3050877187142085
695,-0.8121402215913243,20.905480610672534,LGM,-5.0,57.5,10.5,ruber,0,22.000363654349822,1.0948830436772887
696,-0.4878852394595041,21.411606525798433,LGM,-5.0,57.5,14.5,ruber,0,22.6205503351866,1.2089438093881668
697,0.35303560125136985,22.627237768490644,LGM,-5.0,57.5,18.5,ruber,0,24.260029437770257,1.6327916692796123
698,-0.622376022558638,21.257487447992702,LGM,-5.0,58.5,13.5,ruber,0,22.360521771340995,1.103034323348293
699,0.044189461938746705,22.232045646642334,LGM,-5.0,58.5,17.5,ruber,0,23.63937949211755,1.4073338454752147
700,-0.8053380527032374,20.9776655015896,LGM,-5.0,60.5,5.5,ruber,0,22.01391651819361,1.0362510166040124
701,-0.506367623916995,21.501116798749745,LGM,-5.0,60.5,14.5,ruber,0,22.596322498226666,1.0952056994769208
702,-1.0073086861625056,21.1062137351054,LGM,-5.0,61.5,-4.5,ruber,0,21.638167770103227,0.5319540349978276
703,-1.0629184266042437,21.1062137351054,LGM,-5.0,61.5,-4.5,sacculifer,1,21.92965372337418,0.8234399882687811
704,-0.7769004889873152,20.913970319141455,LGM,-5.0,61.5,6.5,ruber,0,22.068152972811543,1.1541826536700874
705,0.30216471712821336,22.589399725073047,LGM,-5.0,63.5,20.5,ruber,0,24.137182908888075,1.547783183815028
706,3.9409521135537973,26.82038633184082,LGM,-5.0,64.5,-48.5,pachy_s,4,27.271386857728633,0.4510005258878138
707,3.937789847841919,26.817289556343454,LGM,-5.0,65.5,-48.5,pachy_s,4,27.255565374250093,0.4382758179066393
708,0.20584244802039303,22.157920418429555,LGM,-5.0,65.5,20.5,ruber,0,23.96594181782291,1.808021399393354
709,4.422645599482445,27.181222274044586,LGM,-5.0,67.5,-51.5,pachy_s,4,27.397533207811634,0.2163109337670477
710,-0.745472720714921,21.276776693178732,LGM,-5.0,67.5,1.5,ruber,0,22.13780068519099,0.8610239920122567
711,-0.2640129997285712,21.811701564225825,LGM,-5.0,67.5,16.5,ruber,0,23.06312311612006,1.2514215518942358
712,4.326796290594771,27.11792497860858,LGM,-5.0,68.5,-50.5,pachy_s,4,27.36516615371486,0.24724117510627863
713,-0.33431229108399907,21.788726533204997,LGM,-5.0,68.5,15.5,ruber,0,22.90737881579106,1.118652282586062
714,3.829287948888106,26.79635235116505,LGM,-5.0,71.5,-48.5,pachy_s,4,27.249067651241667,0.45271530007661553
715,3.7304661401601242,26.747067708232514,LGM,-5.0,72.5,-48.5,pachy_s,4,27.19766377147862,0.4505960632461061
716,4.631290590962884,27.393959826222595,LGM,-5.0,73.5,-55.5,pachy_s,4,27.442861761340293,0.0489019351176978
717,4.600587990696869,27.358749857002195,LGM,-5.0,73.5,-54.5,pachy_s,4,27.435230410651847,0.07648055364965245
718,-0.669961292483953,20.880842927017643,LGM,-5.0,73.5,5.5,ruber,0,22.272066482161602,1.3912235551439593
719,4.522893683870411,27.342558237099094,LGM,-5.0,76.5,-54.5,pachy_s,4,27.41079674017588,0.0682385030767847
720,-0.6514557942165347,21.365865931913415,LGM,-5.0,76.5,2.5,ruber,0,22.312746986360736,0.9468810544473207
721,1.8811581022135593,25.15387601677273,LGM,-5.0,78.5,-37.5,bulloides,2,26.060199194486298,0.906323177713567
722,-0.5829968424149731,20.801014936647896,LGM,-5.0,78.5,6.5,ruber,0,22.4574403421772,1.6564254055293048
723,2.089604071065699,25.61535433740225,LGM,-5.0,79.5,-43.5,bulloides,2,26.29407547903596,0.6787211416337122
724,2.2512876277085336,25.823427507778785,LGM,-5.0,80.5,-44.5,bulloides,2,26.478926068837858,0.6554985610590727
725,1.8871401056120072,25.124729318446498,LGM,-5.0,80.5,-35.5,bulloides,2,26.046966180330575,0.9222368618840768
726,2.4110782029908457,26.020819672420924,LGM,-5.0,82.5,-45.5,bulloides,2,26.660179163976544,0.63935949155562
727,2.495288959428584,26.085044890559992,LGM,-5.0,86.5,-45.5,bulloides,2,26.770053765635506,0.6850088750755141
728,2.6102703759790127,26.19317266233753,LGM,-5.0,88.5,-46.5,bulloides,2,26.870043380885214,0.6768707185476828
729,0.12963035366943704,19.939124415508577,LGM,-5.0,89.5,18.5,ruber,0,23.821637410012432,3.8825129945038555
730,2.632192739783274,26.210802623926238,LGM,-5.0,90.5,-46.5,bulloides,2,26.917077966296784,0.7062753423705459
731,-0.15896942157097133,21.346306862958706,LGM,-5.0,95.5,10.5,ruber,0,23.249404253627354,1.9030973906686484
732,2.627950152982324,26.18913649166146,LGM,-5.0,96.5,-46.5,bulloides,2,26.917804754323583,0.7286682626621221
733,2.7582622699897374,26.18913649166146,LGM,-5.0,96.5,-46.5,pachy_s,4,26.948976452924214,0.7598399612627524
734,-1.1433292844885994,22.980032641909265,LGM,-5.0,108.5,16.5,ruber,0,21.36218792741554,-1.6178447144937245
735,3.889734563880791,27.06858939720358,LGM,-5.0,109.5,-52.5,pachy_s,4,27.239375892319114,0.17078649511553223
736,-1.4613880982945084,21.551600103956762,LGM,-5.0,109.5,7.5,ruber,0,20.764245452015636,-0.7873546519411256
737,-1.6558195552346426,21.70426712092958,LGM,-5.0,109.5,8.5,sacculifer,1,20.885319874847408,-0.8189472460821712
738,-1.4327351630733,21.787407917762092,LGM,-5.0,109.5,9.5,ruber,0,20.800368080485296,-0.9870398372767966
739,-1.3385374244697932,21.733813333895778,LGM,-5.0,110.5,8.5,ruber,0,21.000065623994654,-0.7337477099011238
740,-1.6898872958326243,22.1208123170797,LGM,-5.0,110.5,13.5,sacculifer,1,20.838786227335934,-1.2820260897437663
741,-1.2348999639685143,22.42915775100704,LGM,-5.0,111.5,14.5,ruber,0,21.196529132427923,-1.2326286185791169
742,0.07579579738660613,23.702930601254508,LGM,-5.0,112.5,-20.5,ruber,0,23.7227880167769,0.01985741552239162
743,-0.7786330823791754,21.769399990281972,LGM,-5.0,112.5,-12.5,ruber,0,22.068530712002392,0.2991307217204202
744,-1.2712300001908945,21.71695382125949,LGM,-5.0,112.5,8.5,ruber,0,21.12922312117289,-0.5877307000866026
745,-0.920562170154555,22.850653939579974,LGM,-5.0,112.5,16.5,ruber,0,21.79712168424051,-1.0535322553394657
746,-0.9159259011958562,21.473166382673277,LGM,-5.0,114.5,-9.5,ruber,0,21.800157866557665,0.32699148388438815
747,2.808705977887414,26.431811795798154,LGM,-5.0,115.5,-48.5,bulloides,2,27.140914239701893,0.7091024439037383
748,-1.1300982531555537,21.712950696803315,LGM,-5.0,115.5,10.5,ruber,0,21.39940554115899,-0.3135451556443236
749,-0.40268364319754607,23.009830024263835,LGM,-5.0,115.5,18.5,sacculifer,1,23.08002703896587,0.07019701470203543
750,-0.9443108404481879,21.568063134308407,LGM,-5.0,116.5,-9.5,ruber,0,21.755595350395584,0.18753221608717752
751,-1.170086839734065,21.27654146593333,LGM,-5.0,117.5,-4.5,ruber,0,21.330210553730204,0.05366908779687307
752,-0.10783423951634466,21.63915864154451,LGM,-5.0,118.5,-9.5,bulloides,2,23.774906809378795,2.1357481678342864
753,-1.0417141558071756,21.63915864154451,LGM,-5.0,118.5,-9.5,ruber,0,21.564544974787253,-0.074613666757255
754,-1.1512143688494934,21.63915864154451,LGM,-5.0,118.5,-9.5,sacculifer,1,21.767728384615115,0.12856974307060653
755,-0.5869129369489761,22.6773101435049,LGM,-5.0,119.5,-15.5,ruber,0,22.431361953325382,-0.24594819017951863
756,-1.101918876171112,21.67073952109605,LGM,-5.0,119.5,-9.5,ruber,0,21.443159324054818,-0.227580197041231
757,-1.1391068786327179,21.437290428464657,LGM,-5.0,119.5,-3.5,ruber,0,21.360356683043204,-0.07693374542145293
758,-0.26075351719694095,22.788664223935026,LGM,-5.0,119.5,17.5,ruber,0,23.070147163250383,0.2814829393153566
759,-0.057090067178065196,23.02386561958803,LGM,-5.0,119.5,18.5,ruber,0,23.45422594859743,0.4303603290093996
760,-1.0587595228376339,21.85685810379364,LGM,-5.0,120.5,-10.5,ruber,0,21.523073153167477,-0.3337849506261641
761,-0.25217249297868155,21.75438445974802,LGM,-5.0,120.5,-9.5,bulloides,2,23.601294613593016,1.8469101538449948
762,-1.0902401264652861,21.75438445974802,LGM,-5.0,120.5,-9.5,ruber,0,21.48425411350594,-0.2701303462420803
763,-1.1546429483639684,21.75438445974802,LGM,-5.0,120.5,-9.5,sacculifer,1,21.770955025027437,0.016570565279415916
764,-0.8883430994422749,22.213919453611897,LGM,-5.0,121.5,-11.5,ruber,0,21.852155060339502,-0.36176439327239507
765,-0.24038004098907512,21.890093457500413,LGM,-5.0,121.5,-9.5,bulloides,2,23.61022504405576,1.7201315865553468
766,-1.0066779066896976,21.890093457500413,LGM,-5.0,121.5,-9.5,ruber,0,21.617509396710446,-0.272584060789967
767,-1.0784769934815406,21.890093457500413,LGM,-5.0,121.5,-9.5,sacculifer,1,21.893726515442957,0.0036330579425438714
768,-0.7501716730314936,22.466782153945907,LGM,-5.0,122.5,-11.5,ruber,0,22.1099428642342,-0.35683928971170786
769,0.3564738258511333,22.995936082373508,LGM,-5.0,124.5,23.5,ruber,0,24.24109689945388,1.2451608170803716
770,-0.8151853291293557,22.40714560657929,LGM,-5.0,125.5,-10.5,ruber,0,21.99517714346383,-0.41196846311546054
771,-1.050307497382165,21.8546513380514,LGM,-5.0,126.5,-8.5,ruber,0,21.533099130784446,-0.3215522072669543
772,-1.1570770485219117,21.692829664660547,LGM,-5.0,126.5,-5.5,ruber,0,21.354400208126762,-0.33842945653378464
773,0.8913020461076252,23.732687772538114,LGM,-5.0,126.5,28.5,ruber,0,25.28775983421056,1.5550720616724476
774,-1.0298096313656382,21.862323622000616,LGM,-5.0,127.5,-8.5,ruber,0,21.59072113685966,-0.2716024851409564
775,0.871038181655235,23.72167245293344,LGM,-5.0,127.5,28.5,ruber,0,25.230288693489406,1.5086162405559662
776,2.9368281095831525,26.597708673303043,LGM,-5.0,128.5,-49.5,bulloides,2,27.257379287354574,0.6596706140515316
777,3.122155251560707,26.597708673303043,LGM,-5.0,128.5,-49.5,pachy_s,4,27.06034168297305,0.4626330096700073
778,-1.0093117653491115,21.869995905949835,LGM,-5.0,128.5,-8.5,ruber,0,21.63516851884779,-0.23482738710204387
779,-0.9812763767590961,22.009441008945668,LGM,-5.0,129.5,-9.5,ruber,0,21.674236839795217,-0.33520416915045104
780,-1.0376730332605448,21.708547329175378,LGM,-5.0,129.5,1.5,ruber,0,21.56270356674,-0.14584376243537633
781,-0.979035584065279,21.878016207822984,LGM,-5.0,134.5,0.5,ruber,0,21.686754643085916,-0.19126156473706857
782,-1.1018019384068038,21.50500112858556,LGM,-5.0,141.5,9.5,ruber,0,21.466239379201028,-0.038761749384530475
783,4.510674497934692,27.431637172516385,LGM,-5.0,144.5,-57.5,pachy_s,4,27.402641545177254,-0.028995627339131858
784,4.127973384253361,27.231463294633944,LGM,-5.0,144.5,-54.5,pachy_s,4,27.3220136085157,0.0905503138817565
785,-0.9649868831732199,21.908980227175483,LGM,-5.0,146.5,-12.5,sacculifer,1,22.09234666283664,0.1833664356611564
786,-0.9473627763809,21.913276106613694,LGM,-5.0,146.5,1.5,ruber,0,21.74062586774914,-0.1726502388645521
787,-1.0117149462635517,21.913276106613694,LGM,-5.0,146.5,1.5,sacculifer,1,22.017251972407404,0.10397586579371065
788,-0.903185519009996,21.98989547556796,LGM,-5.0,147.5,-14.5,sacculifer,1,22.204107293056847,0.21421181748888785
789,4.608745636886724,26.03466798004755,LGM,-5.0,148.5,51.5,pachy_s,4,27.434163056584726,1.3994950765371748
790,4.6785192081160165,26.219138806443937,LGM,-5.0,150.5,48.5,pachy_s,4,27.470587452673275,1.2514486462293384
791,4.651335754208058,26.08342245286932,LGM,-5.0,150.5,49.5,pachy_s,4,27.445896102429668,1.3624736495603464
792,4.697400480009324,26.04425410968302,LGM,-5.0,152.5,49.5,pachy_s,4,27.488785476561315,1.4445313668782944
793,4.69150123249885,25.997698081608085,LGM,-5.0,153.5,50.5,pachy_s,4,27.470153010577302,1.472454928969217
794,-0.8816381742556891,22.166129807725554,LGM,-5.0,155.5,-0.5,sacculifer,1,22.240928195656238,0.07479838793068438
795,-0.8072933875426678,22.117480906498805,LGM,-5.0,155.5,0.5,ruber,0,22.021221928189483,-0.09625897830932217
796,-0.8489628401992478,22.154249315526645,LGM,-5.0,156.5,-2.5,ruber,0,21.941349918309232,-0.2128993972174129
797,-0.9119239317693739,22.154249315526645,LGM,-5.0,156.5,-2.5,sacculifer,1,22.185710121136207,0.031460805609562215
798,-0.9912152067243062,21.96244388125708,LGM,-5.0,156.5,2.5,sacculifer,1,22.053427822041044,0.0909839407839641
799,-0.8376304220886862,22.16989697548545,LGM,-5.0,157.5,-2.5,ruber,0,21.94770199971932,-0.22219497576612923
800,-0.9006329089736133,22.16989697548545,LGM,-5.0,157.5,-2.5,sacculifer,1,22.209838719558324,0.03994174407287332
801,-0.7853659242391586,22.199702165792957,LGM,-5.0,157.5,-0.5,ruber,0,22.038662350848583,-0.16103981494437392
802,-0.8618497252464296,22.199702165792957,LGM,-5.0,157.5,-0.5,sacculifer,1,22.276925933199895,0.07722376740693804
803,-0.7739249616861343,22.22044413745017,LGM,-5.0,158.5,-0.5,ruber,0,22.07839933174245,-0.1420448057077195
804,-0.8506188193957012,22.22044413745017,LGM,-5.0,158.5,-0.5,sacculifer,1,22.27923546175639,0.05879132430622036
805,0.395455271477363,23.333726863299415,LGM,-5.0,158.5,21.5,ruber,0,24.31594034819273,0.9822134848933146
806,-0.831985946113393,22.27603175988898,LGM,-5.0,159.5,-1.5,sacculifer,1,22.32539900171232,0.04936724182334018
807,-0.7646182129780451,22.237034673627267,LGM,-5.0,159.5,-0.5,ruber,0,22.09058989337037,-0.14644478025689622
808,-0.8420501699050269,22.237034673627267,LGM,-5.0,159.5,-0.5,sacculifer,1,22.31469814511141,0.07766347148414354
809,-0.7657193173853822,22.19803758736555,LGM,-5.0,159.5,0.5,ruber,0,22.103446208740095,-0.09459137862545575
810,-0.8521143936966609,22.19803758736555,LGM,-5.0,159.5,0.5,sacculifer,1,22.291487608255736,0.0934500208901845
811,1.5392464520322986,24.78125250781699,LGM,-5.0,159.5,33.5,ruber,0,26.50360474131242,1.7223522334954282
812,-0.8361437767744065,22.249473774324258,LGM,-5.0,160.5,-0.5,sacculifer,1,22.315837219029948,0.06636344470569
813,-0.7576455865991848,22.21287303306481,LGM,-5.0,160.5,0.5,ruber,0,22.09715752584277,-0.11571550722203838
814,-0.8448990749080755,22.21287303306481,LGM,-5.0,160.5,0.5,sacculifer,1,22.304137101098018,0.09126406803320819
815,-0.9105289971362289,22.10126354476122,LGM,-5.0,160.5,1.5,sacculifer,1,22.189568137296426,0.08830459253520573
816,-0.8674153180262222,22.12703783505362,LGM,-5.0,161.5,-3.5,ruber,0,21.91115782594205,-0.21588000911157224
817,-0.8302373836437862,22.26191287502125,LGM,-5.0,161.5,-0.5,sacculifer,1,22.33295319531396,0.07104032029270968
818,-0.8376837561194902,22.227708478764068,LGM,-5.0,161.5,0.5,sacculifer,1,22.311820204999187,0.08411172623511831
819,-0.9052182756766715,22.1117487389153,LGM,-5.0,161.5,1.5,sacculifer,1,22.19646931585703,0.08472057694173074
820,-0.824439158042272,22.271408782953603,LGM,-5.0,162.5,-0.5,sacculifer,1,22.34749549041809,0.07608670746448709
821,-0.9006858022685834,22.118571096015,LGM,-5.0,162.5,1.5,sacculifer,1,22.19967985706994,0.08110876105493858
822,2.8892272590924906,26.485707942680627,LGM,-5.0,164.5,-50.5,bulloides,2,27.211110512752963,0.7254025700723368
823,4.60082236392982,26.385527590710357,LGM,-5.0,165.5,53.5,pachy_s,4,27.43660577884004,1.051078188129683
824,4.623032009357401,26.41747923628682,LGM,-5.0,167.5,50.5,pachy_s,4,27.45027058257576,1.032791346288942
825,4.587528070258028,26.407194539899866,LGM,-5.0,167.5,51.5,pachy_s,4,27.42183824682697,1.014643706927103
826,4.579082360036767,26.418805412832842,LGM,-5.0,168.5,51.5,pachy_s,4,27.44012013427287,1.021314721440028
827,4.588601055091988,26.306226137994855,LGM,-5.0,169.5,56.5,pachy_s,4,27.438311474752616,1.1320853367577612
828,4.553532181727377,26.29835765100112,LGM,-5.0,170.5,56.5,pachy_s,4,27.438675156836215,1.140317505835096
829,2.526859720658989,26.251971084348305,LGM,-5.0,174.5,-45.5,bulloides,2,26.793706166415213,0.5417350820669071
830,4.180447007690728,26.334121954561628,LGM,-5.0,178.5,53.5,pachy_s,4,27.330652336177668,0.99653038161604
